current node = 11,op = LOADB,unmapped nodes = 20,mapped nodes = 0,freeMemNodes = 144,unmappedMemNodes = 5,II = 4,btCredits = 0,CGRA=stdnoc_3x3tiles_4x4PEs.json,MaxHops=4,BB = ,mutexPathEn = 1,Iter = 0
estimatedRouteInfo[node].size = 144
current node = 12,op = CMERGE,unmapped nodes = 19,mapped nodes = 1,freeMemNodes = 143,unmappedMemNodes = 4,II = 4,btCredits = 0,CGRA=stdnoc_3x3tiles_4x4PEs.json,MaxHops=4,BB = _0_0,mutexPathEn = 1,Iter = 0
estimatedRouteInfo[node].size = 129
current node = 0,op = SELECT,unmapped nodes = 18,mapped nodes = 2,freeMemNodes = 143,unmappedMemNodes = 4,II = 4,btCredits = 0,CGRA=stdnoc_3x3tiles_4x4PEs.json,MaxHops=4,BB = ,mutexPathEn = 1,Iter = 0
estimatedRouteInfo[node].size = 99
current node = 1,op = ADD,unmapped nodes = 17,mapped nodes = 3,freeMemNodes = 143,unmappedMemNodes = 4,II = 4,btCredits = 0,CGRA=stdnoc_3x3tiles_4x4PEs.json,MaxHops=4,BB = ,mutexPathEn = 1,Iter = 0
estimatedRouteInfo[node].size = 4
current node = 2,op = CMP,unmapped nodes = 16,mapped nodes = 4,freeMemNodes = 143,unmappedMemNodes = 4,II = 4,btCredits = 0,CGRA=stdnoc_3x3tiles_4x4PEs.json,MaxHops=4,BB = ,mutexPathEn = 1,Iter = 0
estimatedRouteInfo[node].size = 4
current node = 13,op = CMERGE,unmapped nodes = 15,mapped nodes = 5,freeMemNodes = 143,unmappedMemNodes = 4,II = 4,btCredits = 0,CGRA=stdnoc_3x3tiles_4x4PEs.json,MaxHops=4,BB = _0_1,mutexPathEn = 1,Iter = 0
estimatedRouteInfo[node].size = 3
current node = 9,op = OLOAD,unmapped nodes = 14,mapped nodes = 6,freeMemNodes = 143,unmappedMemNodes = 4,II = 4,btCredits = 0,CGRA=stdnoc_3x3tiles_4x4PEs.json,MaxHops=4,BB = ,mutexPathEn = 1,Iter = 0
estimatedRouteInfo[node].size = 570
current node = 20019,op = MOVC,unmapped nodes = 13,mapped nodes = 7,freeMemNodes = 143,unmappedMemNodes = 4,II = 4,btCredits = 0,CGRA=stdnoc_3x3tiles_4x4PEs.json,MaxHops=4,BB = ,mutexPathEn = 1,Iter = 0
estimatedRouteInfo[node].size = 569
current node = 21,op = MOVC,unmapped nodes = 12,mapped nodes = 8,freeMemNodes = 143,unmappedMemNodes = 4,II = 4,btCredits = 0,CGRA=stdnoc_3x3tiles_4x4PEs.json,MaxHops=4,BB = ,mutexPathEn = 1,Iter = 0
estimatedRouteInfo[node].size = 568
current node = 20,op = STOREB,unmapped nodes = 11,mapped nodes = 9,freeMemNodes = 143,unmappedMemNodes = 4,II = 4,btCredits = 0,CGRA=stdnoc_3x3tiles_4x4PEs.json,MaxHops=4,BB = ,mutexPathEn = 1,Iter = 0
estimatedRouteInfo[node].size = 41
current node = 17,op = LS,unmapped nodes = 10,mapped nodes = 10,freeMemNodes = 142,unmappedMemNodes = 3,II = 4,btCredits = 0,CGRA=stdnoc_3x3tiles_4x4PEs.json,MaxHops=4,BB = ,mutexPathEn = 1,Iter = 0
estimatedRouteInfo[node].size = 94
current node = 16,op = LS,unmapped nodes = 9,mapped nodes = 11,freeMemNodes = 142,unmappedMemNodes = 3,II = 4,btCredits = 0,CGRA=stdnoc_3x3tiles_4x4PEs.json,MaxHops=4,BB = ,mutexPathEn = 1,Iter = 0
estimatedRouteInfo[node].size = 93
current node = 6,op = ADD,unmapped nodes = 8,mapped nodes = 12,freeMemNodes = 142,unmappedMemNodes = 3,II = 4,btCredits = 0,CGRA=stdnoc_3x3tiles_4x4PEs.json,MaxHops=4,BB = ,mutexPathEn = 1,Iter = 0
estimatedRouteInfo[node].size = 134
current node = 4,op = ADD,unmapped nodes = 7,mapped nodes = 13,freeMemNodes = 142,unmappedMemNodes = 3,II = 4,btCredits = 0,CGRA=stdnoc_3x3tiles_4x4PEs.json,MaxHops=4,BB = ,mutexPathEn = 1,Iter = 0
estimatedRouteInfo[node].size = 113
current node = 7,op = LOAD,unmapped nodes = 6,mapped nodes = 14,freeMemNodes = 142,unmappedMemNodes = 3,II = 4,btCredits = 0,CGRA=stdnoc_3x3tiles_4x4PEs.json,MaxHops=4,BB = ,mutexPathEn = 1,Iter = 0
estimatedRouteInfo[node].size = 25
current node = 20018,op = STOREB,unmapped nodes = 5,mapped nodes = 15,freeMemNodes = 141,unmappedMemNodes = 2,II = 4,btCredits = 0,CGRA=stdnoc_3x3tiles_4x4PEs.json,MaxHops=4,BB = ,mutexPathEn = 1,Iter = 0
estimatedRouteInfo[node].size = 18
current node = 10,op = CLT,unmapped nodes = 4,mapped nodes = 16,freeMemNodes = 140,unmappedMemNodes = 1,II = 4,btCredits = 0,CGRA=stdnoc_3x3tiles_4x4PEs.json,MaxHops=4,BB = ,mutexPathEn = 1,Iter = 0
estimatedRouteInfo[node].size = 117
current node = 15,op = CMERGE,unmapped nodes = 3,mapped nodes = 17,freeMemNodes = 139,unmappedMemNodes = 1,II = 4,btCredits = 0,CGRA=stdnoc_3x3tiles_4x4PEs.json,MaxHops=4,BB = _8_1,mutexPathEn = 1,Iter = 0
estimatedRouteInfo[node].size = 114
current node = 14,op = CMERGE,unmapped nodes = 2,mapped nodes = 18,freeMemNodes = 138,unmappedMemNodes = 1,II = 4,btCredits = 0,CGRA=stdnoc_3x3tiles_4x4PEs.json,MaxHops=4,BB = _8_0,mutexPathEn = 1,Iter = 0
estimatedRouteInfo[node].size = 113
current node = 8,op = SELECT,unmapped nodes = 1,mapped nodes = 19,freeMemNodes = 137,unmappedMemNodes = 1,II = 4,btCredits = 0,CGRA=stdnoc_3x3tiles_4x4PEs.json,MaxHops=4,BB = ,mutexPathEn = 1,Iter = 0
estimatedRouteInfo[node].size = 95
current node = 5,op = STORE,unmapped nodes = 0,mapped nodes = 20,freeMemNodes = 136,unmappedMemNodes = 1,II = 4,btCredits = 0,CGRA=stdnoc_3x3tiles_4x4PEs.json,MaxHops=4,BB = ,mutexPathEn = 1,Iter = 0
estimatedRouteInfo[node].size = 18
Map Success!.
,TILE_X0|_Y0|_PE_X1|_Y0|-T0,,,,,,,,,,,,,,,,,TILE_X0|_Y0|_PE_X2|_Y0|-T0,,,,,,,,,,,,,,,,,TILE_X0|_Y0|_PE_X3|_Y0|-T0,,,,,,,,,,,,,,,,,TILE_X0|_Y0|_PE_X2|_Y1|-T0,,,,,,,,,,,,,,,,,TILE_X0|_Y0|_PE_X3|_Y1|-T0,,,,,,,,,,,,,,,,,TILE_X0|_Y0|_PE_X1|_Y2|-T0,,,,,,,,,,,,,,,,,TILE_X0|_Y0|_PE_X3|_Y2|-T0,,,,,,,,,,,,,,,,,TILE_X0|_Y0|_PE_X1|_Y3|-T0,,,,,,,,,,,,,,,,,TILE_X0|_Y0|_PE_X2|_Y3|-T0,,,,,,,,,,,,,,,,,TILE_X0|_Y0|_PE_X3|_Y3|-T0,,,,,,,,,,,,,,,,,TILE_X1|_Y0|_PE_X1|_Y0|-T0,,,,,,,,,,,,,,,,,TILE_X1|_Y0|_PE_X2|_Y0|-T0,,,,,,,,,,,,,,,,,TILE_X1|_Y0|_PE_X3|_Y0|-T0,,,,,,,,,,,,,,,,,TILE_X1|_Y0|_PE_X2|_Y1|-T0,,,,,,,,,,,,,,,,,TILE_X1|_Y0|_PE_X3|_Y1|-T0,,,,,,,,,,,,,,,,,TILE_X1|_Y0|_PE_X1|_Y2|-T0,,,,,,,,,,,,,,,,,TILE_X1|_Y0|_PE_X3|_Y2|-T0,,,,,,,,,,,,,,,,,TILE_X1|_Y0|_PE_X1|_Y3|-T0,,,,,,,,,,,,,,,,,TILE_X1|_Y0|_PE_X2|_Y3|-T0,,,,,,,,,,,,,,,,,TILE_X1|_Y0|_PE_X3|_Y3|-T0,,,,,,,,,,,,,,,,,TILE_X2|_Y0|_PE_X1|_Y0|-T0,,,,,,,,,,,,,,,,,TILE_X2|_Y0|_PE_X2|_Y0|-T0,,,,,,,,,,,,,,,,,TILE_X2|_Y0|_PE_X3|_Y0|-T0,,,,,,,,,,,,,,,,,TILE_X2|_Y0|_PE_X2|_Y1|-T0,,,,,,,,,,,,,,,,,TILE_X2|_Y0|_PE_X3|_Y1|-T0,,,,,,,,,,,,,,,,,TILE_X2|_Y0|_PE_X1|_Y2|-T0,,,,,,,,,,,,,,,,,TILE_X2|_Y0|_PE_X3|_Y2|-T0,,,,,,,,,,,,,,,,,TILE_X2|_Y0|_PE_X1|_Y3|-T0,,,,,,,,,,,,,,,,,TILE_X2|_Y0|_PE_X2|_Y3|-T0,,,,,,,,,,,,,,,,,TILE_X2|_Y0|_PE_X3|_Y3|-T0,,,,,,,,,,,,,,,,,TILE_X0|_Y1|_PE_X1|_Y0|-T0,,,,,,,,,,,,,,,,,TILE_X0|_Y1|_PE_X2|_Y0|-T0,,,,,,,,,,,,,,,,,TILE_X0|_Y1|_PE_X3|_Y0|-T0,,,,,,,,,,,,,,,,,TILE_X0|_Y1|_PE_X2|_Y1|-T0,,,,,,,,,,,,,,,,,TILE_X0|_Y1|_PE_X3|_Y1|-T0,,,,,,,,,,,,,,,,,TILE_X0|_Y1|_PE_X1|_Y2|-T0,,,,,,,,,,,,,,,,,TILE_X0|_Y1|_PE_X3|_Y2|-T0,,,,,,,,,,,,,,,,,TILE_X0|_Y1|_PE_X1|_Y3|-T0,,,,,,,,,,,,,,,,,TILE_X0|_Y1|_PE_X2|_Y3|-T0,,,,,,,,,,,,,,,,,TILE_X0|_Y1|_PE_X3|_Y3|-T0,,,,,,,,,,,,,,,,,TILE_X1|_Y1|_PE_X1|_Y0|-T0,,,,,,,,,,,,,,,,,TILE_X1|_Y1|_PE_X2|_Y0|-T0,,,,,,,,,,,,,,,,,TILE_X1|_Y1|_PE_X3|_Y0|-T0,,,,,,,,,,,,,,,,,TILE_X1|_Y1|_PE_X2|_Y1|-T0,,,,,,,,,,,,,,,,,TILE_X1|_Y1|_PE_X3|_Y1|-T0,,,,,,,,,,,,,,,,,TILE_X1|_Y1|_PE_X1|_Y2|-T0,,,,,,,,,,,,,,,,,TILE_X1|_Y1|_PE_X3|_Y2|-T0,,,,,,,,,,,,,,,,,TILE_X1|_Y1|_PE_X1|_Y3|-T0,,,,,,,,,,,,,,,,,TILE_X1|_Y1|_PE_X2|_Y3|-T0,,,,,,,,,,,,,,,,,TILE_X1|_Y1|_PE_X3|_Y3|-T0,,,,,,,,,,,,,,,,,TILE_X2|_Y1|_PE_X1|_Y0|-T0,,,,,,,,,,,,,,,,,TILE_X2|_Y1|_PE_X2|_Y0|-T0,,,,,,,,,,,,,,,,,TILE_X2|_Y1|_PE_X3|_Y0|-T0,,,,,,,,,,,,,,,,,TILE_X2|_Y1|_PE_X2|_Y1|-T0,,,,,,,,,,,,,,,,,TILE_X2|_Y1|_PE_X3|_Y1|-T0,,,,,,,,,,,,,,,,,TILE_X2|_Y1|_PE_X1|_Y2|-T0,,,,,,,,,,,,,,,,,TILE_X2|_Y1|_PE_X3|_Y2|-T0,,,,,,,,,,,,,,,,,TILE_X2|_Y1|_PE_X1|_Y3|-T0,,,,,,,,,,,,,,,,,TILE_X2|_Y1|_PE_X2|_Y3|-T0,,,,,,,,,,,,,,,,,TILE_X2|_Y1|_PE_X3|_Y3|-T0,,,,,,,,,,,,,,,,,TILE_X0|_Y2|_PE_X1|_Y0|-T0,,,,,,,,,,,,,,,,,TILE_X0|_Y2|_PE_X2|_Y0|-T0,,,,,,,,,,,,,,,,,TILE_X0|_Y2|_PE_X3|_Y0|-T0,,,,,,,,,,,,,,,,,TILE_X0|_Y2|_PE_X2|_Y1|-T0,,,,,,,,,,,,,,,,,TILE_X0|_Y2|_PE_X3|_Y1|-T0,,,,,,,,,,,,,,,,,TILE_X0|_Y2|_PE_X1|_Y2|-T0,,,,,,,,,,,,,,,,,TILE_X0|_Y2|_PE_X3|_Y2|-T0,,,,,,,,,,,,,,,,,TILE_X0|_Y2|_PE_X1|_Y3|-T0,,,,,,,,,,,,,,,,,TILE_X0|_Y2|_PE_X2|_Y3|-T0,,,,,,,,,,,,,,,,,TILE_X0|_Y2|_PE_X3|_Y3|-T0,,,,,,,,,,,,,,,,,TILE_X1|_Y2|_PE_X1|_Y0|-T0,,,,,,,,,,,,,,,,,TILE_X1|_Y2|_PE_X2|_Y0|-T0,,,,,,,,,,,,,,,,,TILE_X1|_Y2|_PE_X3|_Y0|-T0,,,,,,,,,,,,,,,,,TILE_X1|_Y2|_PE_X2|_Y1|-T0,,,,,,,,,,,,,,,,,TILE_X1|_Y2|_PE_X3|_Y1|-T0,,,,,,,,,,,,,,,,,TILE_X1|_Y2|_PE_X1|_Y2|-T0,,,,,,,,,,,,,,,,,TILE_X1|_Y2|_PE_X3|_Y2|-T0,,,,,,,,,,,,,,,,,TILE_X1|_Y2|_PE_X1|_Y3|-T0,,,,,,,,,,,,,,,,,TILE_X1|_Y2|_PE_X2|_Y3|-T0,,,,,,,,,,,,,,,,,TILE_X1|_Y2|_PE_X3|_Y3|-T0,,,,,,,,,,,,,,,,,TILE_X2|_Y2|_PE_X1|_Y0|-T0,,,,,,,,,,,,,,,,,TILE_X2|_Y2|_PE_X2|_Y0|-T0,,,,,,,,,,,,,,,,,TILE_X2|_Y2|_PE_X3|_Y0|-T0,,,,,,,,,,,,,,,,,TILE_X2|_Y2|_PE_X2|_Y1|-T0,,,,,,,,,,,,,,,,,TILE_X2|_Y2|_PE_X3|_Y1|-T0,,,,,,,,,,,,,,,,,TILE_X2|_Y2|_PE_X1|_Y2|-T0,,,,,,,,,,,,,,,,,TILE_X2|_Y2|_PE_X3|_Y2|-T0,,,,,,,,,,,,,,,,,TILE_X2|_Y2|_PE_X1|_Y3|-T0,,,,,,,,,,,,,,,,,TILE_X2|_Y2|_PE_X2|_Y3|-T0,,,,,,,,,,,,,,,,,TILE_X2|_Y2|_PE_X3|_Y3|-T0,,,,,,,,,,,,,,,,,TILE_X0|_Y0|_PE_MEM_X0|_Y0|-T0,,,,,,,,,,,,,,,,,TILE_X0|_Y0|_PE_MEM_X0|_Y1|-T0,,,,,,,,,,,,,,,,,TILE_X0|_Y0|_PE_MEM_X0|_Y2|-T0,,,,,,,,,,,,,,,,,TILE_X0|_Y0|_PE_MEM_X0|_Y3|-T0,,,,,,,,,,,,,,,,,TILE_X1|_Y0|_PE_MEM_X0|_Y0|-T0,,,,,,,,,,,,,,,,,TILE_X1|_Y0|_PE_MEM_X0|_Y1|-T0,,,,,,,,,,,,,,,,,TILE_X1|_Y0|_PE_MEM_X0|_Y2|-T0,,,,,,,,,,,,,,,,,TILE_X1|_Y0|_PE_MEM_X0|_Y3|-T0,,,,,,,,,,,,,,,,,TILE_X2|_Y0|_PE_MEM_X0|_Y0|-T0,,,,,,,,,,,,,,,,,TILE_X2|_Y0|_PE_MEM_X0|_Y1|-T0,,,,,,,,,,,,,,,,,TILE_X2|_Y0|_PE_MEM_X0|_Y2|-T0,,,,,,,,,,,,,,,,,TILE_X2|_Y0|_PE_MEM_X0|_Y3|-T0,,,,,,,,,,,,,,,,,TILE_X0|_Y1|_PE_MEM_X0|_Y0|-T0,,,,,,,,,,,,,,,,,TILE_X0|_Y1|_PE_MEM_X0|_Y1|-T0,,,,,,,,,,,,,,,,,TILE_X0|_Y1|_PE_MEM_X0|_Y2|-T0,,,,,,,,,,,,,,,,,TILE_X0|_Y1|_PE_MEM_X0|_Y3|-T0,,,,,,,,,,,,,,,,,TILE_X1|_Y1|_PE_MEM_X0|_Y0|-T0,,,,,,,,,,,,,,,,,TILE_X1|_Y1|_PE_MEM_X0|_Y1|-T0,,,,,,,,,,,,,,,,,TILE_X1|_Y1|_PE_MEM_X0|_Y2|-T0,,,,,,,,,,,,,,,,,TILE_X1|_Y1|_PE_MEM_X0|_Y3|-T0,,,,,,,,,,,,,,,,,TILE_X2|_Y1|_PE_MEM_X0|_Y0|-T0,,,,,,,,,,,,,,,,,TILE_X2|_Y1|_PE_MEM_X0|_Y1|-T0,,,,,,,,,,,,,,,,,TILE_X2|_Y1|_PE_MEM_X0|_Y2|-T0,,,,,,,,,,,,,,,,,TILE_X2|_Y1|_PE_MEM_X0|_Y3|-T0,,,,,,,,,,,,,,,,,TILE_X0|_Y2|_PE_MEM_X0|_Y0|-T0,,,,,,,,,,,,,,,,,TILE_X0|_Y2|_PE_MEM_X0|_Y1|-T0,,,,,,,,,,,,,,,,,TILE_X0|_Y2|_PE_MEM_X0|_Y2|-T0,,,,,,,,,,,,,,,,,TILE_X0|_Y2|_PE_MEM_X0|_Y3|-T0,,,,,,,,,,,,,,,,,TILE_X1|_Y2|_PE_MEM_X0|_Y0|-T0,,,,,,,,,,,,,,,,,TILE_X1|_Y2|_PE_MEM_X0|_Y1|-T0,,,,,,,,,,,,,,,,,TILE_X1|_Y2|_PE_MEM_X0|_Y2|-T0,,,,,,,,,,,,,,,,,TILE_X1|_Y2|_PE_MEM_X0|_Y3|-T0,,,,,,,,,,,,,,,,,TILE_X2|_Y2|_PE_MEM_X0|_Y0|-T0,,,,,,,,,,,,,,,,,TILE_X2|_Y2|_PE_MEM_X0|_Y1|-T0,,,,,,,,,,,,,,,,,TILE_X2|_Y2|_PE_MEM_X0|_Y2|-T0,,,,,,,,,,,,,,,,,TILE_X2|_Y2|_PE_MEM_X0|_Y3|-T0,,,,,,,,,,,,,,,,,TILE_X0|_Y0|_PE_R1_X1|_Y1|-T0,,,,,,,,,,,,,,,,,,,,,,,,,TILE_X1|_Y0|_PE_R1_X1|_Y1|-T0,,,,,,,,,,,,,,,,,,,,,,,,,TILE_X2|_Y0|_PE_R1_X1|_Y1|-T0,,,,,,,,,,,,,,,,,,,,,,,,,TILE_X0|_Y1|_PE_R1_X1|_Y1|-T0,,,,,,,,,,,,,,,,,,,,,,,,,TILE_X1|_Y1|_PE_R1_X1|_Y1|-T0,,,,,,,,,,,,,,,,,,,,,,,,,TILE_X2|_Y1|_PE_R1_X1|_Y1|-T0,,,,,,,,,,,,,,,,,,,,,,,,,TILE_X0|_Y2|_PE_R1_X1|_Y1|-T0,,,,,,,,,,,,,,,,,,,,,,,,,TILE_X1|_Y2|_PE_R1_X1|_Y1|-T0,,,,,,,,,,,,,,,,,,,,,,,,,TILE_X2|_Y2|_PE_R1_X1|_Y1|-T0,,,,,,,,,,,,,,,,,,,,,,,,,TILE_X0|_Y0|_PE_R2_X2|_Y2|-T0,,,,,,,,,,,,,,,,,,,,,,,,,TILE_X1|_Y0|_PE_R2_X2|_Y2|-T0,,,,,,,,,,,,,,,,,,,,,,,,,TILE_X2|_Y0|_PE_R2_X2|_Y2|-T0,,,,,,,,,,,,,,,,,,,,,,,,,TILE_X0|_Y1|_PE_R2_X2|_Y2|-T0,,,,,,,,,,,,,,,,,,,,,,,,,TILE_X1|_Y1|_PE_R2_X2|_Y2|-T0,,,,,,,,,,,,,,,,,,,,,,,,,TILE_X2|_Y1|_PE_R2_X2|_Y2|-T0,,,,,,,,,,,,,,,,,,,,,,,,,TILE_X0|_Y2|_PE_R2_X2|_Y2|-T0,,,,,,,,,,,,,,,,,,,,,,,,,TILE_X1|_Y2|_PE_R2_X2|_Y2|-T0,,,,,,,,,,,,,,,,,,,,,,,,,TILE_X2|_Y2|_PE_R2_X2|_Y2|-T0,,,,,,,,,,,,,,,,,,,,,,,,,
,FU0,,,,,,,,,,,,,,,,,FU0,,,,,,,,,,,,,,,,,FU0,,,,,,,,,,,,,,,,,FU0,,,,,,,,,,,,,,,,,FU0,,,,,,,,,,,,,,,,,FU0,,,,,,,,,,,,,,,,,FU0,,,,,,,,,,,,,,,,,FU0,,,,,,,,,,,,,,,,,FU0,,,,,,,,,,,,,,,,,FU0,,,,,,,,,,,,,,,,,FU0,,,,,,,,,,,,,,,,,FU0,,,,,,,,,,,,,,,,,FU0,,,,,,,,,,,,,,,,,FU0,,,,,,,,,,,,,,,,,FU0,,,,,,,,,,,,,,,,,FU0,,,,,,,,,,,,,,,,,FU0,,,,,,,,,,,,,,,,,FU0,,,,,,,,,,,,,,,,,FU0,,,,,,,,,,,,,,,,,FU0,,,,,,,,,,,,,,,,,FU0,,,,,,,,,,,,,,,,,FU0,,,,,,,,,,,,,,,,,FU0,,,,,,,,,,,,,,,,,FU0,,,,,,,,,,,,,,,,,FU0,,,,,,,,,,,,,,,,,FU0,,,,,,,,,,,,,,,,,FU0,,,,,,,,,,,,,,,,,FU0,,,,,,,,,,,,,,,,,FU0,,,,,,,,,,,,,,,,,FU0,,,,,,,,,,,,,,,,,FU0,,,,,,,,,,,,,,,,,FU0,,,,,,,,,,,,,,,,,FU0,,,,,,,,,,,,,,,,,FU0,,,,,,,,,,,,,,,,,FU0,,,,,,,,,,,,,,,,,FU0,,,,,,,,,,,,,,,,,FU0,,,,,,,,,,,,,,,,,FU0,,,,,,,,,,,,,,,,,FU0,,,,,,,,,,,,,,,,,FU0,,,,,,,,,,,,,,,,,FU0,,,,,,,,,,,,,,,,,FU0,,,,,,,,,,,,,,,,,FU0,,,,,,,,,,,,,,,,,FU0,,,,,,,,,,,,,,,,,FU0,,,,,,,,,,,,,,,,,FU0,,,,,,,,,,,,,,,,,FU0,,,,,,,,,,,,,,,,,FU0,,,,,,,,,,,,,,,,,FU0,,,,,,,,,,,,,,,,,FU0,,,,,,,,,,,,,,,,,FU0,,,,,,,,,,,,,,,,,FU0,,,,,,,,,,,,,,,,,FU0,,,,,,,,,,,,,,,,,FU0,,,,,,,,,,,,,,,,,FU0,,,,,,,,,,,,,,,,,FU0,,,,,,,,,,,,,,,,,FU0,,,,,,,,,,,,,,,,,FU0,,,,,,,,,,,,,,,,,FU0,,,,,,,,,,,,,,,,,FU0,,,,,,,,,,,,,,,,,FU0,,,,,,,,,,,,,,,,,FU0,,,,,,,,,,,,,,,,,FU0,,,,,,,,,,,,,,,,,FU0,,,,,,,,,,,,,,,,,FU0,,,,,,,,,,,,,,,,,FU0,,,,,,,,,,,,,,,,,FU0,,,,,,,,,,,,,,,,,FU0,,,,,,,,,,,,,,,,,FU0,,,,,,,,,,,,,,,,,FU0,,,,,,,,,,,,,,,,,FU0,,,,,,,,,,,,,,,,,FU0,,,,,,,,,,,,,,,,,FU0,,,,,,,,,,,,,,,,,FU0,,,,,,,,,,,,,,,,,FU0,,,,,,,,,,,,,,,,,FU0,,,,,,,,,,,,,,,,,FU0,,,,,,,,,,,,,,,,,FU0,,,,,,,,,,,,,,,,,FU0,,,,,,,,,,,,,,,,,FU0,,,,,,,,,,,,,,,,,FU0,,,,,,,,,,,,,,,,,FU0,,,,,,,,,,,,,,,,,FU0,,,,,,,,,,,,,,,,,FU0,,,,,,,,,,,,,,,,,FU0,,,,,,,,,,,,,,,,,FU0,,,,,,,,,,,,,,,,,FU0,,,,,,,,,,,,,,,,,FU0,,,,,,,,,,,,,,,,,FU0,,,,,,,,,,,,,,,,,FU0,,,,,,,,,,,,,,,,,FU0,,,,,,,,,,,,,,,,,FU0,,,,,,,,,,,,,,,,,FU0,,,,,,,,,,,,,,,,,FU0,,,,,,,,,,,,,,,,,FU0,,,,,,,,,,,,,,,,,FU0,,,,,,,,,,,,,,,,,FU0,,,,,,,,,,,,,,,,,FU0,,,,,,,,,,,,,,,,,FU0,,,,,,,,,,,,,,,,,FU0,,,,,,,,,,,,,,,,,FU0,,,,,,,,,,,,,,,,,FU0,,,,,,,,,,,,,,,,,FU0,,,,,,,,,,,,,,,,,FU0,,,,,,,,,,,,,,,,,FU0,,,,,,,,,,,,,,,,,FU0,,,,,,,,,,,,,,,,,FU0,,,,,,,,,,,,,,,,,FU0,,,,,,,,,,,,,,,,,FU0,,,,,,,,,,,,,,,,,FU0,,,,,,,,,,,,,,,,,FU0,,,,,,,,,,,,,,,,,FU0,,,,,,,,,,,,,,,,,FU0,,,,,,,,,,,,,,,,,FU0,,,,,,,,,,,,,,,,,FU0,,,,,,,,,,,,,,,,,FU0,,,,,,,,,,,,,,,,,FU0,,,,,,,,,,,,,,,,,FU0,,,,,,,,,,,,,,,,,FU0,,,,,,,,,,,,,,,,,FU0,,,,,,,,,,,,,,,,,FU0,,,,,,,,,,,,,,,,,FU0,,,,,,,,,,,,,,,,,FU0,,,,,,,,,,,,,,,,,FU0,,,,,,,,,,,,,,,,,FU0,,,,,,,,,,,,,,,,,FU0,,,,,,,,,,,,,,,,,FU0,,,,,,,,,,,,,,,,,,,,,,,,,FU0,,,,,,,,,,,,,,,,,,,,,,,,,FU0,,,,,,,,,,,,,,,,,,,,,,,,,FU0,,,,,,,,,,,,,,,,,,,,,,,,,FU0,,,,,,,,,,,,,,,,,,,,,,,,,FU0,,,,,,,,,,,,,,,,,,,,,,,,,FU0,,,,,,,,,,,,,,,,,,,,,,,,,FU0,,,,,,,,,,,,,,,,,,,,,,,,,FU0,,,,,,,,,,,,,,,,,,,,,,,,,FU0,,,,,,,,,,,,,,,,,,,,,,,,,FU0,,,,,,,,,,,,,,,,,,,,,,,,,FU0,,,,,,,,,,,,,,,,,,,,,,,,,FU0,,,,,,,,,,,,,,,,,,,,,,,,,FU0,,,,,,,,,,,,,,,,,,,,,,,,,FU0,,,,,,,,,,,,,,,,,,,,,,,,,FU0,,,,,,,,,,,,,,,,,,,,,,,,,FU0,,,,,,,,,,,,,,,,,,,,,,,,,FU0,,,,,,,,,,,,,,,,,,,,,,,,,
,DP0,NORTH_I,WEST_I,EAST_I,SOUTH_I,NORTH_O,WEST_O,EAST_O,SOUTH_O,R0_RI,R0_RO,R3_RI,R3_RO,R1_RI,R1_RO,R2_RI,R2_RO,DP0,NORTH_I,WEST_I,EAST_I,SOUTH_I,NORTH_O,WEST_O,EAST_O,SOUTH_O,R3_RI,R3_RO,R2_RI,R2_RO,R1_RI,R1_RO,R0_RI,R0_RO,DP0,NORTH_I,WEST_I,EAST_I,SOUTH_I,NORTH_O,WEST_O,EAST_O,SOUTH_O,R0_RI,R0_RO,R1_RI,R1_RO,R2_RI,R2_RO,R3_RI,R3_RO,DP0,NORTH_I,WEST_I,EAST_I,SOUTH_I,NORTH_O,WEST_O,EAST_O,SOUTH_O,R2_RI,R2_RO,R3_RI,R3_RO,R0_RI,R0_RO,R1_RI,R1_RO,DP0,NORTH_I,WEST_I,EAST_I,SOUTH_I,NORTH_O,WEST_O,EAST_O,SOUTH_O,R0_RI,R0_RO,R1_RI,R1_RO,R2_RI,R2_RO,R3_RI,R3_RO,DP0,NORTH_I,WEST_I,EAST_I,SOUTH_I,NORTH_O,WEST_O,EAST_O,SOUTH_O,R0_RI,R0_RO,R1_RI,R1_RO,R2_RI,R2_RO,R3_RI,R3_RO,DP0,NORTH_I,WEST_I,EAST_I,SOUTH_I,NORTH_O,WEST_O,EAST_O,SOUTH_O,R0_RI,R0_RO,R2_RI,R2_RO,R3_RI,R3_RO,R1_RI,R1_RO,DP0,NORTH_I,WEST_I,EAST_I,SOUTH_I,NORTH_O,WEST_O,EAST_O,SOUTH_O,R0_RI,R0_RO,R1_RI,R1_RO,R2_RI,R2_RO,R3_RI,R3_RO,DP0,NORTH_I,WEST_I,EAST_I,SOUTH_I,NORTH_O,WEST_O,EAST_O,SOUTH_O,R0_RI,R0_RO,R1_RI,R1_RO,R2_RI,R2_RO,R3_RI,R3_RO,DP0,NORTH_I,WEST_I,EAST_I,SOUTH_I,NORTH_O,WEST_O,EAST_O,SOUTH_O,R1_RI,R1_RO,R2_RI,R2_RO,R3_RI,R3_RO,R0_RI,R0_RO,DP0,NORTH_I,WEST_I,EAST_I,SOUTH_I,NORTH_O,WEST_O,EAST_O,SOUTH_O,R0_RI,R0_RO,R1_RI,R1_RO,R2_RI,R2_RO,R3_RI,R3_RO,DP0,NORTH_I,WEST_I,EAST_I,SOUTH_I,NORTH_O,WEST_O,EAST_O,SOUTH_O,R0_RI,R0_RO,R1_RI,R1_RO,R2_RI,R2_RO,R3_RI,R3_RO,DP0,NORTH_I,WEST_I,EAST_I,SOUTH_I,NORTH_O,WEST_O,EAST_O,SOUTH_O,R3_RI,R3_RO,R0_RI,R0_RO,R1_RI,R1_RO,R2_RI,R2_RO,DP0,NORTH_I,WEST_I,EAST_I,SOUTH_I,NORTH_O,WEST_O,EAST_O,SOUTH_O,R0_RI,R0_RO,R1_RI,R1_RO,R2_RI,R2_RO,R3_RI,R3_RO,DP0,NORTH_I,WEST_I,EAST_I,SOUTH_I,NORTH_O,WEST_O,EAST_O,SOUTH_O,R0_RI,R0_RO,R1_RI,R1_RO,R2_RI,R2_RO,R3_RI,R3_RO,DP0,NORTH_I,WEST_I,EAST_I,SOUTH_I,NORTH_O,WEST_O,EAST_O,SOUTH_O,R0_RI,R0_RO,R1_RI,R1_RO,R2_RI,R2_RO,R3_RI,R3_RO,DP0,NORTH_I,WEST_I,EAST_I,SOUTH_I,NORTH_O,WEST_O,EAST_O,SOUTH_O,R0_RI,R0_RO,R1_RI,R1_RO,R2_RI,R2_RO,R3_RI,R3_RO,DP0,NORTH_I,WEST_I,EAST_I,SOUTH_I,NORTH_O,WEST_O,EAST_O,SOUTH_O,R0_RI,R0_RO,R1_RI,R1_RO,R2_RI,R2_RO,R3_RI,R3_RO,DP0,NORTH_I,WEST_I,EAST_I,SOUTH_I,NORTH_O,WEST_O,EAST_O,SOUTH_O,R0_RI,R0_RO,R1_RI,R1_RO,R2_RI,R2_RO,R3_RI,R3_RO,DP0,NORTH_I,WEST_I,EAST_I,SOUTH_I,NORTH_O,WEST_O,EAST_O,SOUTH_O,R1_RI,R1_RO,R2_RI,R2_RO,R3_RI,R3_RO,R0_RI,R0_RO,DP0,NORTH_I,WEST_I,EAST_I,SOUTH_I,NORTH_O,WEST_O,EAST_O,SOUTH_O,R0_RI,R0_RO,R1_RI,R1_RO,R2_RI,R2_RO,R3_RI,R3_RO,DP0,NORTH_I,WEST_I,EAST_I,SOUTH_I,NORTH_O,WEST_O,EAST_O,SOUTH_O,R0_RI,R0_RO,R1_RI,R1_RO,R2_RI,R2_RO,R3_RI,R3_RO,DP0,NORTH_I,WEST_I,EAST_I,SOUTH_I,NORTH_O,WEST_O,EAST_O,SOUTH_O,R0_RI,R0_RO,R1_RI,R1_RO,R2_RI,R2_RO,R3_RI,R3_RO,DP0,NORTH_I,WEST_I,EAST_I,SOUTH_I,NORTH_O,WEST_O,EAST_O,SOUTH_O,R0_RI,R0_RO,R1_RI,R1_RO,R2_RI,R2_RO,R3_RI,R3_RO,DP0,NORTH_I,WEST_I,EAST_I,SOUTH_I,NORTH_O,WEST_O,EAST_O,SOUTH_O,R0_RI,R0_RO,R1_RI,R1_RO,R2_RI,R2_RO,R3_RI,R3_RO,DP0,NORTH_I,WEST_I,EAST_I,SOUTH_I,NORTH_O,WEST_O,EAST_O,SOUTH_O,R0_RI,R0_RO,R1_RI,R1_RO,R2_RI,R2_RO,R3_RI,R3_RO,DP0,NORTH_I,WEST_I,EAST_I,SOUTH_I,NORTH_O,WEST_O,EAST_O,SOUTH_O,R0_RI,R0_RO,R1_RI,R1_RO,R2_RI,R2_RO,R3_RI,R3_RO,DP0,NORTH_I,WEST_I,EAST_I,SOUTH_I,NORTH_O,WEST_O,EAST_O,SOUTH_O,R0_RI,R0_RO,R1_RI,R1_RO,R2_RI,R2_RO,R3_RI,R3_RO,DP0,NORTH_I,WEST_I,EAST_I,SOUTH_I,NORTH_O,WEST_O,EAST_O,SOUTH_O,R0_RI,R0_RO,R1_RI,R1_RO,R2_RI,R2_RO,R3_RI,R3_RO,DP0,NORTH_I,WEST_I,EAST_I,SOUTH_I,NORTH_O,WEST_O,EAST_O,SOUTH_O,R0_RI,R0_RO,R1_RI,R1_RO,R2_RI,R2_RO,R3_RI,R3_RO,DP0,NORTH_I,WEST_I,EAST_I,SOUTH_I,NORTH_O,WEST_O,EAST_O,SOUTH_O,R0_RI,R0_RO,R1_RI,R1_RO,R2_RI,R2_RO,R3_RI,R3_RO,DP0,NORTH_I,WEST_I,EAST_I,SOUTH_I,NORTH_O,WEST_O,EAST_O,SOUTH_O,R0_RI,R0_RO,R1_RI,R1_RO,R2_RI,R2_RO,R3_RI,R3_RO,DP0,NORTH_I,WEST_I,EAST_I,SOUTH_I,NORTH_O,WEST_O,EAST_O,SOUTH_O,R0_RI,R0_RO,R1_RI,R1_RO,R2_RI,R2_RO,R3_RI,R3_RO,DP0,NORTH_I,WEST_I,EAST_I,SOUTH_I,NORTH_O,WEST_O,EAST_O,SOUTH_O,R0_RI,R0_RO,R1_RI,R1_RO,R2_RI,R2_RO,R3_RI,R3_RO,DP0,NORTH_I,WEST_I,EAST_I,SOUTH_I,NORTH_O,WEST_O,EAST_O,SOUTH_O,R0_RI,R0_RO,R1_RI,R1_RO,R2_RI,R2_RO,R3_RI,R3_RO,DP0,NORTH_I,WEST_I,EAST_I,SOUTH_I,NORTH_O,WEST_O,EAST_O,SOUTH_O,R0_RI,R0_RO,R1_RI,R1_RO,R2_RI,R2_RO,R3_RI,R3_RO,DP0,NORTH_I,WEST_I,EAST_I,SOUTH_I,NORTH_O,WEST_O,EAST_O,SOUTH_O,R0_RI,R0_RO,R1_RI,R1_RO,R2_RI,R2_RO,R3_RI,R3_RO,DP0,NORTH_I,WEST_I,EAST_I,SOUTH_I,NORTH_O,WEST_O,EAST_O,SOUTH_O,R0_RI,R0_RO,R1_RI,R1_RO,R2_RI,R2_RO,R3_RI,R3_RO,DP0,NORTH_I,WEST_I,EAST_I,SOUTH_I,NORTH_O,WEST_O,EAST_O,SOUTH_O,R0_RI,R0_RO,R1_RI,R1_RO,R2_RI,R2_RO,R3_RI,R3_RO,DP0,NORTH_I,WEST_I,EAST_I,SOUTH_I,NORTH_O,WEST_O,EAST_O,SOUTH_O,R0_RI,R0_RO,R1_RI,R1_RO,R2_RI,R2_RO,R3_RI,R3_RO,DP0,NORTH_I,WEST_I,EAST_I,SOUTH_I,NORTH_O,WEST_O,EAST_O,SOUTH_O,R0_RI,R0_RO,R1_RI,R1_RO,R2_RI,R2_RO,R3_RI,R3_RO,DP0,NORTH_I,WEST_I,EAST_I,SOUTH_I,NORTH_O,WEST_O,EAST_O,SOUTH_O,R0_RI,R0_RO,R1_RI,R1_RO,R2_RI,R2_RO,R3_RI,R3_RO,DP0,NORTH_I,WEST_I,EAST_I,SOUTH_I,NORTH_O,WEST_O,EAST_O,SOUTH_O,R0_RI,R0_RO,R1_RI,R1_RO,R2_RI,R2_RO,R3_RI,R3_RO,DP0,NORTH_I,WEST_I,EAST_I,SOUTH_I,NORTH_O,WEST_O,EAST_O,SOUTH_O,R0_RI,R0_RO,R1_RI,R1_RO,R2_RI,R2_RO,R3_RI,R3_RO,DP0,NORTH_I,WEST_I,EAST_I,SOUTH_I,NORTH_O,WEST_O,EAST_O,SOUTH_O,R0_RI,R0_RO,R1_RI,R1_RO,R2_RI,R2_RO,R3_RI,R3_RO,DP0,NORTH_I,WEST_I,EAST_I,SOUTH_I,NORTH_O,WEST_O,EAST_O,SOUTH_O,R0_RI,R0_RO,R1_RI,R1_RO,R2_RI,R2_RO,R3_RI,R3_RO,DP0,NORTH_I,WEST_I,EAST_I,SOUTH_I,NORTH_O,WEST_O,EAST_O,SOUTH_O,R0_RI,R0_RO,R1_RI,R1_RO,R2_RI,R2_RO,R3_RI,R3_RO,DP0,NORTH_I,WEST_I,EAST_I,SOUTH_I,NORTH_O,WEST_O,EAST_O,SOUTH_O,R0_RI,R0_RO,R1_RI,R1_RO,R2_RI,R2_RO,R3_RI,R3_RO,DP0,NORTH_I,WEST_I,EAST_I,SOUTH_I,NORTH_O,WEST_O,EAST_O,SOUTH_O,R0_RI,R0_RO,R1_RI,R1_RO,R2_RI,R2_RO,R3_RI,R3_RO,DP0,NORTH_I,WEST_I,EAST_I,SOUTH_I,NORTH_O,WEST_O,EAST_O,SOUTH_O,R0_RI,R0_RO,R1_RI,R1_RO,R2_RI,R2_RO,R3_RI,R3_RO,DP0,NORTH_I,WEST_I,EAST_I,SOUTH_I,NORTH_O,WEST_O,EAST_O,SOUTH_O,R0_RI,R0_RO,R1_RI,R1_RO,R2_RI,R2_RO,R3_RI,R3_RO,DP0,NORTH_I,WEST_I,EAST_I,SOUTH_I,NORTH_O,WEST_O,EAST_O,SOUTH_O,R0_RI,R0_RO,R1_RI,R1_RO,R2_RI,R2_RO,R3_RI,R3_RO,DP0,NORTH_I,WEST_I,EAST_I,SOUTH_I,NORTH_O,WEST_O,EAST_O,SOUTH_O,R0_RI,R0_RO,R1_RI,R1_RO,R2_RI,R2_RO,R3_RI,R3_RO,DP0,NORTH_I,WEST_I,EAST_I,SOUTH_I,NORTH_O,WEST_O,EAST_O,SOUTH_O,R0_RI,R0_RO,R1_RI,R1_RO,R2_RI,R2_RO,R3_RI,R3_RO,DP0,NORTH_I,WEST_I,EAST_I,SOUTH_I,NORTH_O,WEST_O,EAST_O,SOUTH_O,R0_RI,R0_RO,R1_RI,R1_RO,R2_RI,R2_RO,R3_RI,R3_RO,DP0,NORTH_I,WEST_I,EAST_I,SOUTH_I,NORTH_O,WEST_O,EAST_O,SOUTH_O,R0_RI,R0_RO,R1_RI,R1_RO,R2_RI,R2_RO,R3_RI,R3_RO,DP0,NORTH_I,WEST_I,EAST_I,SOUTH_I,NORTH_O,WEST_O,EAST_O,SOUTH_O,R0_RI,R0_RO,R1_RI,R1_RO,R2_RI,R2_RO,R3_RI,R3_RO,DP0,NORTH_I,WEST_I,EAST_I,SOUTH_I,NORTH_O,WEST_O,EAST_O,SOUTH_O,R0_RI,R0_RO,R1_RI,R1_RO,R2_RI,R2_RO,R3_RI,R3_RO,DP0,NORTH_I,WEST_I,EAST_I,SOUTH_I,NORTH_O,WEST_O,EAST_O,SOUTH_O,R0_RI,R0_RO,R1_RI,R1_RO,R2_RI,R2_RO,R3_RI,R3_RO,DP0,NORTH_I,WEST_I,EAST_I,SOUTH_I,NORTH_O,WEST_O,EAST_O,SOUTH_O,R0_RI,R0_RO,R1_RI,R1_RO,R2_RI,R2_RO,R3_RI,R3_RO,DP0,NORTH_I,WEST_I,EAST_I,SOUTH_I,NORTH_O,WEST_O,EAST_O,SOUTH_O,R0_RI,R0_RO,R1_RI,R1_RO,R2_RI,R2_RO,R3_RI,R3_RO,DP0,NORTH_I,WEST_I,EAST_I,SOUTH_I,NORTH_O,WEST_O,EAST_O,SOUTH_O,R0_RI,R0_RO,R1_RI,R1_RO,R2_RI,R2_RO,R3_RI,R3_RO,DP0,NORTH_I,WEST_I,EAST_I,SOUTH_I,NORTH_O,WEST_O,EAST_O,SOUTH_O,R0_RI,R0_RO,R1_RI,R1_RO,R2_RI,R2_RO,R3_RI,R3_RO,DP0,NORTH_I,WEST_I,EAST_I,SOUTH_I,NORTH_O,WEST_O,EAST_O,SOUTH_O,R0_RI,R0_RO,R1_RI,R1_RO,R2_RI,R2_RO,R3_RI,R3_RO,DP0,NORTH_I,WEST_I,EAST_I,SOUTH_I,NORTH_O,WEST_O,EAST_O,SOUTH_O,R0_RI,R0_RO,R1_RI,R1_RO,R2_RI,R2_RO,R3_RI,R3_RO,DP0,NORTH_I,WEST_I,EAST_I,SOUTH_I,NORTH_O,WEST_O,EAST_O,SOUTH_O,R0_RI,R0_RO,R1_RI,R1_RO,R2_RI,R2_RO,R3_RI,R3_RO,DP0,NORTH_I,WEST_I,EAST_I,SOUTH_I,NORTH_O,WEST_O,EAST_O,SOUTH_O,R0_RI,R0_RO,R1_RI,R1_RO,R2_RI,R2_RO,R3_RI,R3_RO,DP0,NORTH_I,WEST_I,EAST_I,SOUTH_I,NORTH_O,WEST_O,EAST_O,SOUTH_O,R0_RI,R0_RO,R1_RI,R1_RO,R2_RI,R2_RO,R3_RI,R3_RO,DP0,NORTH_I,WEST_I,EAST_I,SOUTH_I,NORTH_O,WEST_O,EAST_O,SOUTH_O,R0_RI,R0_RO,R1_RI,R1_RO,R2_RI,R2_RO,R3_RI,R3_RO,DP0,NORTH_I,WEST_I,EAST_I,SOUTH_I,NORTH_O,WEST_O,EAST_O,SOUTH_O,R0_RI,R0_RO,R1_RI,R1_RO,R2_RI,R2_RO,R3_RI,R3_RO,DP0,NORTH_I,WEST_I,EAST_I,SOUTH_I,NORTH_O,WEST_O,EAST_O,SOUTH_O,R0_RI,R0_RO,R1_RI,R1_RO,R2_RI,R2_RO,R3_RI,R3_RO,DP0,NORTH_I,WEST_I,EAST_I,SOUTH_I,NORTH_O,WEST_O,EAST_O,SOUTH_O,R0_RI,R0_RO,R1_RI,R1_RO,R2_RI,R2_RO,R3_RI,R3_RO,DP0,NORTH_I,WEST_I,EAST_I,SOUTH_I,NORTH_O,WEST_O,EAST_O,SOUTH_O,R0_RI,R0_RO,R1_RI,R1_RO,R2_RI,R2_RO,R3_RI,R3_RO,DP0,NORTH_I,WEST_I,EAST_I,SOUTH_I,NORTH_O,WEST_O,EAST_O,SOUTH_O,R0_RI,R0_RO,R1_RI,R1_RO,R2_RI,R2_RO,R3_RI,R3_RO,DP0,NORTH_I,WEST_I,EAST_I,SOUTH_I,NORTH_O,WEST_O,EAST_O,SOUTH_O,R0_RI,R0_RO,R1_RI,R1_RO,R2_RI,R2_RO,R3_RI,R3_RO,DP0,NORTH_I,WEST_I,EAST_I,SOUTH_I,NORTH_O,WEST_O,EAST_O,SOUTH_O,R0_RI,R0_RO,R1_RI,R1_RO,R2_RI,R2_RO,R3_RI,R3_RO,DP0,NORTH_I,WEST_I,EAST_I,SOUTH_I,NORTH_O,WEST_O,EAST_O,SOUTH_O,R0_RI,R0_RO,R1_RI,R1_RO,R2_RI,R2_RO,R3_RI,R3_RO,DP0,NORTH_I,WEST_I,EAST_I,SOUTH_I,NORTH_O,WEST_O,EAST_O,SOUTH_O,R0_RI,R0_RO,R1_RI,R1_RO,R2_RI,R2_RO,R3_RI,R3_RO,DP0,NORTH_I,WEST_I,EAST_I,SOUTH_I,NORTH_O,WEST_O,EAST_O,SOUTH_O,R0_RI,R0_RO,R1_RI,R1_RO,R2_RI,R2_RO,R3_RI,R3_RO,DP0,NORTH_I,WEST_I,EAST_I,SOUTH_I,NORTH_O,WEST_O,EAST_O,SOUTH_O,R0_RI,R0_RO,R1_RI,R1_RO,R2_RI,R2_RO,R3_RI,R3_RO,DP0,NORTH_I,WEST_I,EAST_I,SOUTH_I,NORTH_O,WEST_O,EAST_O,SOUTH_O,R0_RI,R0_RO,R1_RI,R1_RO,R2_RI,R2_RO,R3_RI,R3_RO,DP0,NORTH_I,WEST_I,EAST_I,SOUTH_I,NORTH_O,WEST_O,EAST_O,SOUTH_O,R0_RI,R0_RO,R1_RI,R1_RO,R2_RI,R2_RO,R3_RI,R3_RO,DP0,NORTH_I,WEST_I,EAST_I,SOUTH_I,NORTH_O,WEST_O,EAST_O,SOUTH_O,R0_RI,R0_RO,R1_RI,R1_RO,R2_RI,R2_RO,R3_RI,R3_RO,DP0,NORTH_I,WEST_I,EAST_I,SOUTH_I,NORTH_O,WEST_O,EAST_O,SOUTH_O,R0_RI,R0_RO,R1_RI,R1_RO,R2_RI,R2_RO,R3_RI,R3_RO,DP0,NORTH_I,WEST_I,EAST_I,SOUTH_I,NORTH_O,WEST_O,EAST_O,SOUTH_O,R0_RI,R0_RO,R1_RI,R1_RO,R2_RI,R2_RO,R3_RI,R3_RO,DP0,NORTH_I,WEST_I,EAST_I,SOUTH_I,NORTH_O,WEST_O,EAST_O,SOUTH_O,R0_RI,R0_RO,R1_RI,R1_RO,R2_RI,R2_RO,R3_RI,R3_RO,DP0,NORTH_I,WEST_I,EAST_I,SOUTH_I,NORTH_O,WEST_O,EAST_O,SOUTH_O,R0_RI,R0_RO,R1_RI,R1_RO,R2_RI,R2_RO,R3_RI,R3_RO,DP0,NORTH_I,WEST_I,EAST_I,SOUTH_I,NORTH_O,WEST_O,EAST_O,SOUTH_O,R0_RI,R0_RO,R1_RI,R1_RO,R2_RI,R2_RO,R3_RI,R3_RO,DP0,NORTH_I,WEST_I,EAST_I,SOUTH_I,NORTH_O,WEST_O,EAST_O,SOUTH_O,R0_RI,R0_RO,R1_RI,R1_RO,R2_RI,R2_RO,R3_RI,R3_RO,DP0,NORTH_I,WEST_I,EAST_I,SOUTH_I,NORTH_O,WEST_O,EAST_O,SOUTH_O,R0_RI,R0_RO,R1_RI,R1_RO,R2_RI,R2_RO,R3_RI,R3_RO,DP0,NORTH_I,WEST_I,EAST_I,SOUTH_I,NORTH_O,WEST_O,EAST_O,SOUTH_O,R0_RI,R0_RO,R1_RI,R1_RO,R2_RI,R2_RO,R3_RI,R3_RO,DP0,NORTH_I,WEST_I,EAST_I,SOUTH_I,NORTH_O,WEST_O,EAST_O,SOUTH_O,R0_RI,R0_RO,R1_RI,R1_RO,R2_RI,R2_RO,R3_RI,R3_RO,DP0,NORTH_I,WEST_I,EAST_I,SOUTH_I,NORTH_O,WEST_O,EAST_O,SOUTH_O,R0_RI,R0_RO,R1_RI,R1_RO,R2_RI,R2_RO,R3_RI,R3_RO,DP0,NORTH_I,WEST_I,EAST_I,SOUTH_I,NORTH_O,WEST_O,EAST_O,SOUTH_O,R0_RI,R0_RO,R1_RI,R1_RO,R2_RI,R2_RO,R3_RI,R3_RO,DP0,NORTH_I,WEST_I,EAST_I,SOUTH_I,NORTH_O,WEST_O,EAST_O,SOUTH_O,R0_RI,R0_RO,R1_RI,R1_RO,R2_RI,R2_RO,R3_RI,R3_RO,DP0,NORTH_I,WEST_I,EAST_I,SOUTH_I,NORTH_O,WEST_O,EAST_O,SOUTH_O,R0_RI,R0_RO,R1_RI,R1_RO,R2_RI,R2_RO,R3_RI,R3_RO,DP0,NORTH_I,WEST_I,EAST_I,SOUTH_I,NORTH_O,WEST_O,EAST_O,SOUTH_O,R0_RI,R0_RO,R1_RI,R1_RO,R2_RI,R2_RO,R3_RI,R3_RO,DP0,NORTH_I,WEST_I,EAST_I,SOUTH_I,NORTH_O,WEST_O,EAST_O,SOUTH_O,R0_RI,R0_RO,R1_RI,R1_RO,R2_RI,R2_RO,R3_RI,R3_RO,DP0,NORTH_I,WEST_I,EAST_I,SOUTH_I,NORTH_O,WEST_O,EAST_O,SOUTH_O,R0_RI,R0_RO,R1_RI,R1_RO,R2_RI,R2_RO,R3_RI,R3_RO,DP0,NORTH_I,WEST_I,EAST_I,SOUTH_I,NORTH_O,WEST_O,EAST_O,SOUTH_O,R0_RI,R0_RO,R1_RI,R1_RO,R2_RI,R2_RO,R3_RI,R3_RO,DP0,NORTH_I,WEST_I,EAST_I,SOUTH_I,NORTH_O,WEST_O,EAST_O,SOUTH_O,R0_RI,R0_RO,R1_RI,R1_RO,R2_RI,R2_RO,R3_RI,R3_RO,DP0,NORTH_I,WEST_I,EAST_I,SOUTH_I,NORTH_O,WEST_O,EAST_O,SOUTH_O,R0_RI,R0_RO,R1_RI,R1_RO,R2_RI,R2_RO,R3_RI,R3_RO,DP0,NORTH_I,WEST_I,EAST_I,SOUTH_I,NORTH_O,WEST_O,EAST_O,SOUTH_O,R0_RI,R0_RO,R1_RI,R1_RO,R2_RI,R2_RO,R3_RI,R3_RO,DP0,NORTH_I,WEST_I,EAST_I,SOUTH_I,NORTH_O,WEST_O,EAST_O,SOUTH_O,R0_RI,R0_RO,R1_RI,R1_RO,R2_RI,R2_RO,R3_RI,R3_RO,DP0,NORTH_I,WEST_I,EAST_I,SOUTH_I,NORTH_O,WEST_O,EAST_O,SOUTH_O,R0_RI,R0_RO,R1_RI,R1_RO,R2_RI,R2_RO,R3_RI,R3_RO,DP0,NORTH_I,WEST_I,EAST_I,SOUTH_I,NORTH_O,WEST_O,EAST_O,SOUTH_O,R0_RI,R0_RO,R1_RI,R1_RO,R2_RI,R2_RO,R3_RI,R3_RO,DP0,NORTH_I,WEST_I,EAST_I,SOUTH_I,NORTH_O,WEST_O,EAST_O,SOUTH_O,R0_RI,R0_RO,R1_RI,R1_RO,R2_RI,R2_RO,R3_RI,R3_RO,DP0,NORTH_I,WEST_I,EAST_I,SOUTH_I,NORTH_O,WEST_O,EAST_O,SOUTH_O,R0_RI,R0_RO,R1_RI,R1_RO,R2_RI,R2_RO,R3_RI,R3_RO,DP0,NORTH_I,WEST_I,EAST_I,SOUTH_I,NORTH_O,WEST_O,EAST_O,SOUTH_O,R0_RI,R0_RO,R1_RI,R1_RO,R2_RI,R2_RO,R3_RI,R3_RO,DP0,NORTH_I,WEST_I,EAST_I,SOUTH_I,NORTH_O,WEST_O,EAST_O,SOUTH_O,R0_RI,R0_RO,R1_RI,R1_RO,R2_RI,R2_RO,R3_RI,R3_RO,DP0,NORTH_I,WEST_I,EAST_I,SOUTH_I,NORTH_O,WEST_O,EAST_O,SOUTH_O,R0_RI,R0_RO,R1_RI,R1_RO,R2_RI,R2_RO,R3_RI,R3_RO,DP0,NORTH_I,WEST_I,EAST_I,SOUTH_I,NORTH_O,WEST_O,EAST_O,SOUTH_O,R0_RI,R0_RO,R1_RI,R1_RO,R2_RI,R2_RO,R3_RI,R3_RO,DP0,NORTH_I,WEST_I,EAST_I,SOUTH_I,NORTH_O,WEST_O,EAST_O,SOUTH_O,R0_RI,R0_RO,R1_RI,R1_RO,R2_RI,R2_RO,R3_RI,R3_RO,DP0,NORTH_I,WEST_I,EAST_I,SOUTH_I,NORTH_O,WEST_O,EAST_O,SOUTH_O,R0_RI,R0_RO,R1_RI,R1_RO,R2_RI,R2_RO,R3_RI,R3_RO,DP0,NORTH_I,WEST_I,EAST_I,SOUTH_I,NORTH_O,WEST_O,EAST_O,SOUTH_O,R0_RI,R0_RO,R1_RI,R1_RO,R2_RI,R2_RO,R3_RI,R3_RO,DP0,NORTH_I,WEST_I,EAST_I,SOUTH_I,NORTH_O,WEST_O,EAST_O,SOUTH_O,R0_RI,R0_RO,R1_RI,R1_RO,R2_RI,R2_RO,R3_RI,R3_RO,DP0,NORTH_I,WEST_I,EAST_I,SOUTH_I,NORTH_O,WEST_O,EAST_O,SOUTH_O,R0_RI,R0_RO,R1_RI,R1_RO,R2_RI,R2_RO,R3_RI,R3_RO,DP0,NORTH_I,WEST_I,EAST_I,SOUTH_I,NORTH_O,WEST_O,EAST_O,SOUTH_O,R0_RI,R0_RO,R1_RI,R1_RO,R2_RI,R2_RO,R3_RI,R3_RO,DP0,NORTH_I,WEST_I,EAST_I,SOUTH_I,NORTH_O,WEST_O,EAST_O,SOUTH_O,R0_RI,R0_RO,R1_RI,R1_RO,R2_RI,R2_RO,R3_RI,R3_RO,DP0,NORTH_I,WEST_I,EAST_I,SOUTH_I,NORTH_O,WEST_O,EAST_O,SOUTH_O,R0_RI,R0_RO,R1_RI,R1_RO,R2_RI,R2_RO,R3_RI,R3_RO,DP0,NORTH_I,WEST_I,EAST_I,SOUTH_I,NORTH_O,WEST_O,EAST_O,SOUTH_O,R0_RI,R0_RO,R1_RI,R1_RO,R2_RI,R2_RO,R3_RI,R3_RO,DP0,NORTH_I,WEST_I,EAST_I,SOUTH_I,NORTH_O,WEST_O,EAST_O,SOUTH_O,R0_RI,R0_RO,R1_RI,R1_RO,R2_RI,R2_RO,R3_RI,R3_RO,DP0,NORTH_I,WEST_I,EAST_I,SOUTH_I,NORTH_O,WEST_O,EAST_O,SOUTH_O,R0_RI,R0_RO,R1_RI,R1_RO,R2_RI,R2_RO,R3_RI,R3_RO,DP0,NORTH_I,WEST_I,EAST_I,SOUTH_I,NORTH_O,WEST_O,EAST_O,SOUTH_O,R0_RI,R0_RO,R1_RI,R1_RO,R2_RI,R2_RO,R3_RI,R3_RO,DP0,NORTH_I,WEST_I,EAST_I,SOUTH_I,NORTH_O,WEST_O,EAST_O,SOUTH_O,R0_RI,R0_RO,R1_RI,R1_RO,R2_RI,R2_RO,R3_RI,R3_RO,DP0,NORTH_I,WEST_I,EAST_I,SOUTH_I,NORTH_O,WEST_O,EAST_O,SOUTH_O,R0_RI,R0_RO,R1_RI,R1_RO,R2_RI,R2_RO,R3_RI,R3_RO,DP0,NORTH_I,WEST_I,EAST_I,SOUTH_I,NORTH_CLSTR_I,WEST_CLSTR_I,EAST_CLSTR_I,SOUTH_CLSTR_I,NORTH_O,WEST_O,EAST_O,SOUTH_O,NORTH_CLSTR_O,WEST_CLSTR_O,EAST_CLSTR_O,SOUTH_CLSTR_O,R0_RI,R0_RO,R1_RI,R1_RO,R2_RI,R2_RO,R3_RI,R3_RO,DP0,NORTH_I,WEST_I,EAST_I,SOUTH_I,NORTH_CLSTR_I,WEST_CLSTR_I,EAST_CLSTR_I,SOUTH_CLSTR_I,NORTH_O,WEST_O,EAST_O,SOUTH_O,NORTH_CLSTR_O,WEST_CLSTR_O,EAST_CLSTR_O,SOUTH_CLSTR_O,R0_RI,R0_RO,R1_RI,R1_RO,R2_RI,R2_RO,R3_RI,R3_RO,DP0,NORTH_I,WEST_I,EAST_I,SOUTH_I,NORTH_CLSTR_I,WEST_CLSTR_I,EAST_CLSTR_I,SOUTH_CLSTR_I,NORTH_O,WEST_O,EAST_O,SOUTH_O,NORTH_CLSTR_O,WEST_CLSTR_O,EAST_CLSTR_O,SOUTH_CLSTR_O,R0_RI,R0_RO,R1_RI,R1_RO,R2_RI,R2_RO,R3_RI,R3_RO,DP0,NORTH_I,WEST_I,EAST_I,SOUTH_I,NORTH_CLSTR_I,WEST_CLSTR_I,EAST_CLSTR_I,SOUTH_CLSTR_I,NORTH_O,WEST_O,EAST_O,SOUTH_O,NORTH_CLSTR_O,WEST_CLSTR_O,EAST_CLSTR_O,SOUTH_CLSTR_O,R0_RI,R0_RO,R1_RI,R1_RO,R2_RI,R2_RO,R3_RI,R3_RO,DP0,NORTH_I,WEST_I,EAST_I,SOUTH_I,NORTH_CLSTR_I,WEST_CLSTR_I,EAST_CLSTR_I,SOUTH_CLSTR_I,NORTH_O,WEST_O,EAST_O,SOUTH_O,NORTH_CLSTR_O,WEST_CLSTR_O,EAST_CLSTR_O,SOUTH_CLSTR_O,R0_RI,R0_RO,R1_RI,R1_RO,R2_RI,R2_RO,R3_RI,R3_RO,DP0,NORTH_I,WEST_I,EAST_I,SOUTH_I,NORTH_CLSTR_I,WEST_CLSTR_I,EAST_CLSTR_I,SOUTH_CLSTR_I,NORTH_O,WEST_O,EAST_O,SOUTH_O,NORTH_CLSTR_O,WEST_CLSTR_O,EAST_CLSTR_O,SOUTH_CLSTR_O,R0_RI,R0_RO,R1_RI,R1_RO,R2_RI,R2_RO,R3_RI,R3_RO,DP0,NORTH_I,WEST_I,EAST_I,SOUTH_I,NORTH_CLSTR_I,WEST_CLSTR_I,EAST_CLSTR_I,SOUTH_CLSTR_I,NORTH_O,WEST_O,EAST_O,SOUTH_O,NORTH_CLSTR_O,WEST_CLSTR_O,EAST_CLSTR_O,SOUTH_CLSTR_O,R0_RI,R0_RO,R1_RI,R1_RO,R2_RI,R2_RO,R3_RI,R3_RO,DP0,NORTH_I,WEST_I,EAST_I,SOUTH_I,NORTH_CLSTR_I,WEST_CLSTR_I,EAST_CLSTR_I,SOUTH_CLSTR_I,NORTH_O,WEST_O,EAST_O,SOUTH_O,NORTH_CLSTR_O,WEST_CLSTR_O,EAST_CLSTR_O,SOUTH_CLSTR_O,R0_RI,R0_RO,R1_RI,R1_RO,R2_RI,R2_RO,R3_RI,R3_RO,DP0,NORTH_I,WEST_I,EAST_I,SOUTH_I,NORTH_CLSTR_I,WEST_CLSTR_I,EAST_CLSTR_I,SOUTH_CLSTR_I,NORTH_O,WEST_O,EAST_O,SOUTH_O,NORTH_CLSTR_O,WEST_CLSTR_O,EAST_CLSTR_O,SOUTH_CLSTR_O,R0_RI,R0_RO,R1_RI,R1_RO,R2_RI,R2_RO,R3_RI,R3_RO,DP0,NORTH_I,WEST_I,EAST_I,SOUTH_I,NORTH_CLSTR_I,WEST_CLSTR_I,EAST_CLSTR_I,SOUTH_CLSTR_I,NORTH_O,WEST_O,EAST_O,SOUTH_O,NORTH_CLSTR_O,WEST_CLSTR_O,EAST_CLSTR_O,SOUTH_CLSTR_O,R0_RI,R0_RO,R1_RI,R1_RO,R2_RI,R2_RO,R3_RI,R3_RO,DP0,NORTH_I,WEST_I,EAST_I,SOUTH_I,NORTH_CLSTR_I,WEST_CLSTR_I,EAST_CLSTR_I,SOUTH_CLSTR_I,NORTH_O,WEST_O,EAST_O,SOUTH_O,NORTH_CLSTR_O,WEST_CLSTR_O,EAST_CLSTR_O,SOUTH_CLSTR_O,R0_RI,R0_RO,R1_RI,R1_RO,R2_RI,R2_RO,R3_RI,R3_RO,DP0,NORTH_I,WEST_I,EAST_I,SOUTH_I,NORTH_CLSTR_I,WEST_CLSTR_I,EAST_CLSTR_I,SOUTH_CLSTR_I,NORTH_O,WEST_O,EAST_O,SOUTH_O,NORTH_CLSTR_O,WEST_CLSTR_O,EAST_CLSTR_O,SOUTH_CLSTR_O,R0_RI,R0_RO,R1_RI,R1_RO,R2_RI,R2_RO,R3_RI,R3_RO,DP0,NORTH_I,WEST_I,EAST_I,SOUTH_I,NORTH_CLSTR_I,WEST_CLSTR_I,EAST_CLSTR_I,SOUTH_CLSTR_I,NORTH_O,WEST_O,EAST_O,SOUTH_O,NORTH_CLSTR_O,WEST_CLSTR_O,EAST_CLSTR_O,SOUTH_CLSTR_O,R0_RI,R0_RO,R1_RI,R1_RO,R2_RI,R2_RO,R3_RI,R3_RO,DP0,NORTH_I,WEST_I,EAST_I,SOUTH_I,NORTH_CLSTR_I,WEST_CLSTR_I,EAST_CLSTR_I,SOUTH_CLSTR_I,NORTH_O,WEST_O,EAST_O,SOUTH_O,NORTH_CLSTR_O,WEST_CLSTR_O,EAST_CLSTR_O,SOUTH_CLSTR_O,R0_RI,R0_RO,R1_RI,R1_RO,R2_RI,R2_RO,R3_RI,R3_RO,DP0,NORTH_I,WEST_I,EAST_I,SOUTH_I,NORTH_CLSTR_I,WEST_CLSTR_I,EAST_CLSTR_I,SOUTH_CLSTR_I,NORTH_O,WEST_O,EAST_O,SOUTH_O,NORTH_CLSTR_O,WEST_CLSTR_O,EAST_CLSTR_O,SOUTH_CLSTR_O,R0_RI,R0_RO,R1_RI,R1_RO,R2_RI,R2_RO,R3_RI,R3_RO,DP0,NORTH_I,WEST_I,EAST_I,SOUTH_I,NORTH_CLSTR_I,WEST_CLSTR_I,EAST_CLSTR_I,SOUTH_CLSTR_I,NORTH_O,WEST_O,EAST_O,SOUTH_O,NORTH_CLSTR_O,WEST_CLSTR_O,EAST_CLSTR_O,SOUTH_CLSTR_O,R0_RI,R0_RO,R1_RI,R1_RO,R2_RI,R2_RO,R3_RI,R3_RO,DP0,NORTH_I,WEST_I,EAST_I,SOUTH_I,NORTH_CLSTR_I,WEST_CLSTR_I,EAST_CLSTR_I,SOUTH_CLSTR_I,NORTH_O,WEST_O,EAST_O,SOUTH_O,NORTH_CLSTR_O,WEST_CLSTR_O,EAST_CLSTR_O,SOUTH_CLSTR_O,R0_RI,R0_RO,R1_RI,R1_RO,R2_RI,R2_RO,R3_RI,R3_RO,DP0,NORTH_I,WEST_I,EAST_I,SOUTH_I,NORTH_CLSTR_I,WEST_CLSTR_I,EAST_CLSTR_I,SOUTH_CLSTR_I,NORTH_O,WEST_O,EAST_O,SOUTH_O,NORTH_CLSTR_O,WEST_CLSTR_O,EAST_CLSTR_O,SOUTH_CLSTR_O,R0_RI,R0_RO,R1_RI,R1_RO,R2_RI,R2_RO,R3_RI,R3_RO,
T=0,---,---,---,---,---,---,---,---,---,---,---,---,---,---,---,---,---,---,---,---,---,---,---,---,---,---,---,---,---,---,---,---,---,---,---,---,---,---,---,---,---,---,---,---,---,---,---,---,---,---,---,17:LS+C(0-|6-),---,---,0,---,---,---,---,---,---,---,---,---,---,---,---,---,1:ADD+C(0-|2-13-),---,---,---,---,---,0,---,0,---,---,---,---,---,---,---,---,---,---,---,---,---,---,---,---,---,---,---,---,---,---,---,---,---,16:LS+C(0-|4-),0,---,---,---,---,---,---,---,---,---,4,4,---,---,---,---,---,---,---,---,---,---,---,---,---,---,---,---,---,---,---,---,---,---,---,---,---,---,---,---,---,---,---,---,---,---,---,---,---,---,---,---,---,---,---,---,---,---,---,---,---,---,---,---,---,4,4,---,---,---,---,---,---,---,---,---,---,---,---,---,---,---,---,---,---,---,---,---,---,---,---,---,---,---,---,---,---,---,---,---,---,---,---,---,---,---,---,---,---,---,---,---,---,---,---,---,---,---,---,---,---,---,---,---,---,---,---,---,---,---,---,---,---,---,---,---,---,---,---,---,---,---,---,---,---,---,---,---,---,---,---,---,---,---,---,---,---,---,9,---,---,---,---,---,---,---,---,9,---,---,---,---,---,---,---,---,---,---,---,---,---,---,---,---,---,---,---,---,---,---,---,---,---,---,---,---,---,---,---,---,---,9,9,---,---,---,---,---,---,---,---,---,---,---,---,---,---,---,---,---,---,---,---,---,---,---,---,---,---,---,---,---,---,---,---,---,---,---,---,---,---,---,---,---,---,---,---,---,---,---,---,---,---,---,---,---,---,---,---,---,---,---,---,---,---,---,---,---,---,---,---,---,---,---,---,---,---,---,---,---,---,---,---,---,---,---,---,---,---,---,---,---,---,---,---,---,---,---,---,---,---,---,---,---,---,---,---,---,---,---,---,---,---,---,---,---,---,---,---,---,---,---,---,---,---,---,---,---,---,---,---,---,---,---,---,---,---,---,---,---,---,---,---,---,---,---,---,---,---,---,---,---,---,---,---,---,---,---,---,---,---,---,---,---,---,---,---,---,---,---,---,---,---,---,---,---,---,---,---,---,---,---,---,---,---,---,---,---,---,---,---,---,---,---,---,---,---,---,---,---,---,---,---,---,---,---,---,---,---,---,---,---,---,---,---,---,---,---,---,---,---,---,---,---,---,---,---,---,---,---,---,---,---,---,---,---,---,---,---,---,---,---,---,---,---,---,---,---,---,---,---,---,---,---,---,---,---,---,---,---,---,---,---,---,---,---,---,---,---,---,---,---,---,---,---,---,---,---,---,---,---,---,---,---,---,---,---,---,---,---,---,---,---,---,---,---,---,---,---,---,---,---,---,---,---,---,---,---,---,---,---,---,---,---,---,---,---,---,---,---,---,---,---,---,---,---,---,---,---,---,---,---,---,---,---,---,---,---,---,---,---,---,---,---,---,---,---,---,---,---,---,---,---,---,---,---,---,---,---,---,---,---,---,---,---,---,---,---,---,---,---,---,---,---,---,---,---,---,---,---,---,---,---,21,---,---,---,---,---,---,21,---,---,---,---,---,---,---,---,---,---,---,---,---,---,---,---,---,---,---,---,---,---,---,---,---,---,---,---,---,---,---,---,---,---,---,---,---,---,---,---,---,---,---,---,---,---,---,---,---,---,---,---,---,---,---,---,---,---,---,---,---,---,---,---,---,---,---,---,---,---,---,---,---,---,---,---,---,---,---,---,---,---,---,---,---,---,---,---,---,---,---,---,---,---,---,---,---,---,---,---,---,---,---,---,---,---,---,---,---,---,---,---,---,---,---,---,---,---,---,---,---,---,---,---,---,---,---,---,---,---,---,---,---,---,---,---,---,---,---,---,---,---,---,---,---,---,---,---,---,---,---,---,---,---,---,---,---,---,---,---,---,---,---,---,---,---,---,---,---,---,---,---,---,---,---,---,---,---,---,---,---,---,---,---,---,---,---,---,---,---,---,---,---,---,---,---,---,---,---,---,---,---,---,---,---,---,---,---,---,---,---,---,---,---,---,---,---,---,---,---,---,---,---,---,---,---,---,---,---,---,---,---,---,---,---,---,---,---,---,---,---,---,---,---,---,---,---,---,---,---,---,---,---,---,---,---,---,---,---,---,---,---,---,---,---,---,---,---,---,---,---,---,---,---,---,---,---,---,---,---,---,---,---,---,---,---,---,---,---,---,---,---,---,---,---,---,---,---,---,---,---,---,---,---,---,---,---,---,---,---,---,---,---,---,---,---,---,---,---,---,---,---,---,---,---,---,---,---,---,---,---,---,---,---,---,---,---,---,---,---,---,---,---,---,---,---,---,---,---,---,---,---,---,---,---,---,---,---,---,---,---,---,---,---,---,---,---,---,---,---,---,---,---,---,---,---,---,---,---,---,---,---,---,---,---,---,---,---,---,---,---,---,---,---,---,---,---,---,---,---,---,---,---,---,---,---,---,---,---,---,---,---,---,---,---,---,---,---,---,---,---,---,---,---,---,---,---,---,---,---,---,---,---,---,---,---,---,---,---,---,---,---,---,---,---,---,---,---,---,---,---,---,---,---,---,---,---,---,---,---,---,---,---,---,---,---,---,---,---,---,---,---,---,---,---,---,---,---,---,---,---,---,---,---,---,---,---,---,---,---,---,---,---,---,---,---,---,---,---,---,---,---,---,---,---,---,---,---,---,---,---,---,---,---,---,---,---,---,---,---,---,---,---,---,---,---,---,---,---,---,---,---,---,---,---,---,---,---,---,---,---,---,---,---,---,---,---,---,---,---,---,---,---,---,---,---,---,---,---,---,---,---,---,---,---,---,---,---,---,---,---,---,---,---,---,---,---,---,---,---,---,---,---,---,---,---,---,---,---,---,---,---,---,---,---,---,---,---,---,---,---,---,---,---,---,---,---,---,---,---,---,---,---,---,---,---,---,---,---,---,---,---,---,---,---,---,---,---,---,---,---,---,---,---,---,---,---,---,---,---,---,---,---,---,---,---,---,---,---,---,---,---,---,---,---,---,---,---,---,---,---,---,---,---,---,---,---,---,---,---,---,---,---,---,---,---,---,---,---,---,---,---,---,---,---,---,---,---,---,---,---,---,---,---,---,---,---,---,---,---,---,---,---,---,---,---,---,---,---,---,---,---,---,---,---,---,---,---,---,---,---,---,---,---,---,---,---,---,---,---,---,---,---,---,---,---,---,---,---,---,---,---,---,---,---,---,---,---,---,---,---,---,---,---,---,---,---,---,---,---,---,---,---,---,---,---,---,---,---,---,---,---,---,---,---,---,---,---,---,---,---,---,---,---,---,---,---,---,---,---,---,---,---,---,---,---,---,---,---,---,---,---,---,---,---,---,---,---,---,---,---,---,---,---,---,---,---,---,---,---,---,---,---,---,---,---,---,---,---,---,---,---,---,---,---,---,---,---,---,---,---,---,---,---,---,---,---,---,---,---,---,---,---,---,---,---,---,---,---,---,---,---,---,---,---,---,---,---,---,---,---,---,---,---,---,---,---,---,---,---,---,---,---,---,---,---,---,---,---,---,---,---,---,---,---,---,---,---,---,---,---,---,---,---,---,---,---,---,---,---,---,---,---,---,---,---,---,---,---,---,---,11:LOADB+C(|12-20-),---,---,---,---,---,---,---,---,---,---,---,---,20019,20019,---,---,14:CMERGE(10-9-|8-),---,---,9,---,---,---,---,8,---,---,---,---,10,---,9,9,5:STORE(4-8-|),8,---,---,---,---,---,---,11,---,---,11,---,---,---,4,---,---,---,---,---,---,---,---,---,---,---,---,---,---,---,---,---,---,---,---,---,---,---,---,---,---,---,---,---,---,---,---,---,---,---,---,---,---,---,---,---,---,---,---,---,---,---,---,---,---,---,---,---,---,---,---,---,---,---,---,---,---,---,---,---,---,---,---,---,---,---,---,---,---,---,---,---,---,---,---,---,---,---,---,---,---,---,---,---,---,---,---,---,---,---,---,---,---,---,---,---,---,---,---,---,---,---,---,---,---,---,---,---,---,---,---,---,---,---,---,---,---,---,---,---,---,---,---,---,---,---,---,---,---,---,---,---,20:STOREB+C(11-21-|),11,---,21,---,---,---,---,---,---,---,---,---,---,---,---,---,---,---,---,---,---,---,---,---,---,---,---,---,---,---,---,---,---,---,---,---,---,---,---,---,---,---,---,---,---,---,---,---,---,---,---,---,---,---,---,---,---,---,---,---,---,---,---,---,---,---,---,---,---,---,---,---,---,---,---,---,---,---,---,---,---,---,---,---,---,---,---,---,---,---,---,---,---,---,---,---,---,---,---,---,---,---,---,---,---,---,---,---,---,---,---,---,---,---,---,---,---,---,---,---,---,---,---,---,---,---,---,---,---,---,---,---,---,---,---,---,---,---,---,---,---,---,---,---,---,---,---,---,---,---,---,---,---,---,---,---,---,---,---,---,---,---,---,---,---,---,---,---,---,---,---,---,---,---,---,---,---,---,---,---,---,---,---,---,---,---,---,---,---,---,---,---,---,---,---,---,---,---,---,---,---,---,---,---,---,---,---,---,---,---,---,---,---,---,---,---,---,---,---,---,---,---,---,---,---,---,---,---,---,---,---,---,---,---,---,---,---,---,---,---,---,---,---,---,---,---,---,---,---,---,---,---,---,---,---,---,---,---,---,---,---,---,---,---,---,---,---,---,---,---,---,---,---,---,---,---,---,---,---,---,---,---,---,---,---,---,---,---,---,---,---,---,---,---,---,---,---,---,---,---,---,---,---,---,---,---,---,---,---,---,---,---,---,---,---,---,---,---,---,---,---,---,---,---,---,---,---,---,---,---,---,---,---,---,---,---,---,---,---,---,---,---,---,---,---,---,---,---,---,---,---,---,---,---,---,---,---,---,---,---,---,---,---,---,---,---,---,---,---,---,---,---,---,---,---,---,---,---,---,---,---,---,---,---,---,---,---,---,---,---,---,---,---,---,---,---,---,---,---,---,---,---,---,---,---,---,---,---,---,---,---,---,---,---,---,---,---,---,---,---,---,---,---,---,---,---,---,---,---,---,---,---,---,---,---,---,---,---,---,9:OLOAD+C(|10-14-),---,---,---,---,---,---,---,---,---,---,---,---,---,---,---,---,---,---,---,---,---,---,---,---,---,---,---,---,---,---,---,---,---,---,---,---,---,---,---,---,---,---,---,---,---,---,---,---,---,---,---,---,---,---,---,---,---,---,---,---,---,---,---,---,---,---,---,---,---,---,---,---,---,---,---,---,---,---,---,---,---,---,---,---,---,---,---,---,---,---,---,---,---,---,---,---,---,---,---,---,---,---,---,---,---,---,---,---,---,---,---,---,---,---,---,---,---,---,---,---,---,---,---,---,---,---,---,---,---,---,---,---,---,---,---,---,---,---,---,---,---,---,---,---,---,---,---,---,---,---,---,---,---,---,---,---,---,---,---,---,---,---,---,---,---,---,---,---,---,---,---,---,---,---,---,---,---,---,---,---,---,---,---,---,---,---,---,---,---,---,---,---,---,---,---,---,---,---,---,---,---,---,---,---,---,---,---,---,---,---,---,---,---,---,---,---,---,---,---,---,---,---,---,---,---,---,---,---,---,---,---,---,---,---,---,---,---,---,---,---,---,---,---,---,---,---,---,---,---,---,---,---,---,---,---,---,---,---,---,---,---,---,---,---,---,---,---,---,---,---,---,---,---,---,---,---,---,---,---,---,---,---,---,---,---,---,---,---,---,---,---,---,---,---,---,---,---,---,---,---,---,---,---,---,---,---,---,---,---,---,---,---,---,---,---,---,---,---,---,---,---,---,---,---,---,---,---,---,---,---,---,---,---,---,---,---,---,---,---,---,---,---,---,---,---,---,---,---,---,
T=1,---,---,---,---,---,---,---,---,---,---,---,---,---,---,---,---,---,---,---,---,---,---,---,---,---,---,---,---,---,---,---,---,---,---,---,---,---,---,---,---,---,---,---,---,---,---,---,---,---,---,---,6:ADD+C(17-|7-),---,---,1,---,---,---,---,---,---,1,---,---,---,---,---,---,2:CMP+C(1-|13-20018-),---,---,---,---,---,1,---,---,---,---,---,---,---,---,---,---,---,---,---,---,---,---,---,---,---,---,---,---,---,---,---,---,---,4:ADD+C(16-|5-),---,---,---,---,---,---,---,---,---,---,---,---,4,4,---,---,---,---,---,---,---,---,---,---,---,---,---,---,---,---,---,---,---,---,---,---,---,---,---,---,---,---,---,---,---,---,---,---,---,---,---,---,---,---,---,---,---,4,---,4,---,---,---,---,---,---,---,---,---,---,---,---,---,---,---,---,---,---,---,---,---,---,---,---,---,---,---,---,---,---,---,---,---,---,---,---,---,---,---,---,---,---,---,---,---,---,---,---,---,---,---,---,---,---,---,---,---,---,---,---,---,---,---,---,---,---,---,---,---,---,---,---,---,---,---,---,---,---,---,---,---,---,---,---,---,---,---,---,---,---,---,---,---,---,---,---,9,---,---,---,---,---,---,---,---,---,---,---,9,---,---,---,---,---,---,---,---,---,---,---,---,---,---,---,---,---,---,---,---,---,---,9,---,---,---,---,---,---,---,---,---,9,---,---,---,---,---,---,---,---,---,---,---,---,---,---,---,---,---,---,---,---,---,---,---,---,---,---,---,---,---,---,---,---,---,---,---,---,---,---,---,---,---,---,---,---,---,---,---,---,---,---,---,---,---,---,---,---,---,---,---,---,---,---,---,---,---,---,---,---,---,---,---,---,---,---,---,---,---,---,---,---,---,---,---,---,---,---,---,---,---,---,---,---,---,---,---,---,---,---,---,---,---,---,---,---,---,---,---,---,---,---,---,---,---,---,---,---,---,---,---,---,---,---,---,---,---,---,---,---,---,---,---,---,---,---,---,---,---,---,---,---,---,---,---,---,---,---,---,---,---,---,---,---,---,---,---,---,---,---,---,---,---,---,---,---,---,---,---,---,---,---,---,---,---,---,---,---,---,---,---,---,---,---,---,---,---,---,---,---,---,---,---,---,---,---,---,---,---,---,---,---,---,---,---,---,---,---,---,---,---,---,---,---,---,---,---,---,---,---,---,---,---,---,---,---,---,---,---,---,---,---,---,---,---,---,---,---,---,---,---,---,---,---,---,---,---,---,---,---,---,---,---,---,---,---,---,---,---,---,---,---,---,---,---,---,---,---,---,---,---,---,---,---,---,---,---,---,---,---,---,---,---,---,---,---,---,---,---,---,---,---,---,---,---,---,---,---,---,---,---,---,---,---,---,---,---,---,---,---,---,---,---,---,---,---,---,---,---,---,---,---,---,---,---,---,---,---,---,---,---,---,---,---,---,---,---,---,---,---,---,---,---,---,---,---,---,---,---,---,---,---,---,---,---,---,---,---,---,---,---,---,---,---,---,---,---,---,---,---,---,---,---,---,---,---,---,---,---,---,---,9,---,---,---,---,---,---,---,---,---,---,---,9,---,---,---,---,---,---,---,---,---,---,---,---,---,---,---,---,---,---,---,---,---,---,---,---,---,---,---,---,---,---,---,---,---,---,---,---,---,---,---,---,---,---,---,---,---,---,---,---,---,---,---,---,---,---,---,---,---,---,---,---,---,---,---,---,---,---,---,---,---,---,---,---,---,---,---,---,---,---,---,---,---,---,---,---,---,---,---,---,---,---,---,---,---,---,---,---,---,---,---,---,---,---,---,---,---,---,---,---,---,---,---,---,---,---,---,---,---,---,---,---,---,---,---,---,---,---,---,---,---,---,---,---,---,---,---,---,---,---,---,---,---,---,---,---,---,---,---,---,---,---,---,---,---,---,---,---,---,---,---,---,---,---,---,---,---,---,---,---,---,---,---,---,---,---,---,---,---,---,---,---,---,---,---,---,---,---,---,---,---,---,---,---,---,---,---,---,---,---,---,---,---,---,---,---,---,---,---,---,---,---,---,---,---,---,---,---,---,---,---,---,---,---,---,---,---,---,---,---,---,---,---,---,---,---,---,---,---,---,---,---,---,---,---,---,---,---,---,---,---,---,---,---,---,---,---,---,---,---,---,---,---,---,---,---,---,---,---,---,---,---,---,---,---,---,---,---,---,---,---,---,---,---,---,---,---,---,---,---,---,---,---,---,---,---,---,---,---,---,---,---,---,---,---,---,---,---,---,---,---,---,---,---,---,---,---,---,---,---,---,---,---,---,---,---,---,---,---,---,---,---,---,---,---,---,---,---,---,---,---,---,---,---,---,---,---,---,---,---,---,---,---,---,---,---,---,---,---,---,---,---,---,---,---,---,---,---,---,---,---,---,---,---,---,---,---,---,---,---,---,---,---,---,---,---,---,---,---,---,---,---,---,---,---,---,---,---,---,---,---,---,---,---,---,---,---,---,---,---,---,---,---,---,---,---,---,---,---,---,---,---,---,---,---,---,---,---,---,---,---,---,---,---,---,---,---,---,---,---,---,---,---,---,---,---,---,---,---,---,---,---,---,---,---,---,---,---,---,---,---,---,---,---,---,---,---,---,---,---,---,---,---,---,---,---,---,---,---,---,---,---,---,---,---,---,---,---,---,---,---,---,---,---,---,---,---,---,---,---,---,---,---,---,---,---,---,---,---,---,---,---,---,---,---,---,---,---,---,---,---,---,---,---,---,---,---,---,---,---,---,---,---,---,---,---,---,---,---,---,---,---,---,---,---,---,---,---,---,---,---,---,---,---,---,---,---,---,---,---,---,---,---,---,---,---,---,---,---,---,---,---,---,---,---,---,---,---,---,---,---,---,---,---,---,---,---,---,---,---,---,---,---,---,---,---,---,---,---,---,---,---,---,---,---,---,---,---,---,---,---,---,---,---,---,---,---,---,---,---,---,---,---,---,---,---,---,---,---,---,---,---,---,---,---,---,---,---,---,---,---,---,---,---,---,---,---,---,---,---,---,---,---,---,---,---,---,---,---,---,---,---,---,---,---,---,---,---,---,---,---,---,---,---,---,---,---,---,---,---,---,---,---,---,---,---,---,---,---,---,---,---,---,---,---,---,---,---,---,---,---,---,---,---,---,---,---,---,---,---,---,---,---,---,---,---,---,---,---,---,---,---,---,---,---,---,---,---,---,---,---,---,---,---,---,---,---,---,---,---,---,---,---,---,---,---,---,---,---,---,---,---,---,---,---,---,---,---,---,---,---,---,---,---,---,---,---,---,---,---,---,---,---,---,---,---,---,---,---,---,---,---,---,---,---,---,---,---,---,---,---,---,---,---,---,---,---,---,---,---,---,---,---,---,---,---,---,---,---,---,---,---,---,---,---,---,---,---,---,---,---,---,---,---,---,---,---,---,---,---,---,---,---,---,---,---,---,---,---,---,---,---,---,---,---,---,---,---,---,---,---,---,---,---,---,---,---,---,---,---,---,---,---,---,---,---,---,---,---,---,---,---,---,---,---,---,---,---,---,---,---,---,---,---,---,---,---,---,---,---,---,---,---,---,---,---,---,---,---,---,---,---,---,---,---,---,---,---,---,---,---,---,---,---,---,---,---,---,---,---,10:CLT(9-7-|14-15-),---,---,---,9,---,---,---,7,---,---,---,---,20019,20019,---,---,---,7,---,---,---,9,---,---,---,---,7,---,---,---,15,9,9,---,---,4,---,---,---,---,---,---,---,---,---,---,---,---,---,4,---,---,---,---,---,---,---,---,---,---,---,---,---,---,---,---,---,---,---,---,---,---,---,---,---,---,---,---,---,---,---,---,---,---,---,---,---,---,---,---,---,---,---,---,---,---,---,---,---,---,---,---,---,---,---,---,---,---,---,---,---,---,---,---,---,---,---,---,---,---,---,---,---,---,---,---,---,---,---,---,---,---,---,---,---,---,---,---,---,---,---,---,---,---,---,---,---,---,---,---,---,---,---,---,---,---,---,---,---,---,---,---,---,---,---,---,---,---,---,---,---,---,---,---,---,---,---,---,---,---,---,---,---,---,---,---,---,---,---,---,---,---,---,---,---,---,---,---,---,---,---,---,---,---,---,---,---,---,---,---,---,---,---,---,---,---,---,---,---,---,---,---,---,---,---,---,---,---,---,---,---,---,---,---,---,---,---,---,---,---,---,---,---,---,---,---,---,---,---,---,---,---,---,---,---,---,---,---,---,---,---,---,---,---,---,---,---,---,---,---,---,---,---,---,---,---,---,---,---,---,---,---,---,---,---,---,---,---,---,---,---,---,---,---,---,---,---,---,---,---,---,---,---,---,---,---,---,---,---,---,---,---,---,---,---,---,---,---,---,---,---,---,---,---,---,---,---,---,---,---,---,---,---,---,---,---,---,---,---,---,---,---,---,---,---,---,---,---,---,---,---,---,---,---,---,---,---,---,---,---,---,---,---,---,---,---,---,---,---,---,---,---,---,---,---,---,---,---,---,---,---,---,---,---,---,---,---,---,---,---,---,---,---,---,---,---,---,---,---,---,---,---,---,---,---,---,---,---,---,---,---,---,---,---,---,---,---,---,---,---,---,---,---,---,---,---,---,---,---,---,---,---,---,---,---,---,---,---,---,---,---,---,---,---,---,---,---,---,---,---,---,---,---,---,---,---,---,---,---,---,---,---,---,---,---,---,---,---,---,---,---,---,---,---,---,---,---,---,---,---,---,---,---,---,---,---,---,---,---,---,---,---,---,---,---,---,---,---,---,---,---,---,---,---,---,---,---,---,---,---,---,---,---,---,---,---,---,---,---,---,---,---,---,---,---,---,---,---,---,---,---,---,---,---,---,---,---,---,---,---,---,---,---,---,---,---,---,---,---,---,---,---,---,---,---,---,---,---,---,---,---,---,---,---,---,---,---,---,---,---,---,---,---,---,---,---,---,---,---,---,---,---,---,---,---,---,---,---,---,---,---,---,---,---,---,---,---,---,---,---,---,---,---,---,---,---,---,---,---,---,---,---,---,---,---,---,---,---,---,---,---,---,---,---,---,---,20019:MOVC+C(|20018-),---,---,---,---,---,---,---,---,9,---,---,---,---,---,---,---,---,---,---,---,---,---,---,---,---,---,---,---,---,---,---,---,---,---,---,---,---,---,---,---,---,---,---,---,---,---,---,---,---,---,---,---,---,---,---,---,---,---,---,---,---,---,---,---,---,---,---,---,---,---,---,---,---,---,---,---,---,---,---,---,---,---,---,---,---,---,---,---,---,---,---,---,---,---,---,---,---,---,---,---,---,---,---,---,---,---,---,---,---,---,---,---,---,---,---,---,---,---,---,---,---,---,---,---,---,---,---,---,---,---,---,---,---,---,---,---,---,---,---,---,---,---,---,---,---,---,---,---,---,---,---,---,---,---,---,---,---,---,---,---,---,---,---,---,---,---,---,---,---,---,---,---,---,---,---,---,---,---,---,---,---,---,---,---,---,---,---,---,---,---,---,---,---,---,---,---,---,---,---,---,---,---,---,---,---,---,---,---,---,---,---,---,---,---,---,---,---,---,---,---,---,---,---,---,---,---,---,---,---,---,---,---,---,---,---,---,---,---,---,---,---,---,---,---,---,---,---,---,---,---,---,---,---,---,---,---,---,---,---,---,---,---,---,---,---,---,---,---,---,---,---,---,---,---,---,---,---,---,---,---,---,---,---,---,---,---,---,---,---,---,---,---,---,---,---,---,---,---,---,---,---,---,---,---,---,---,---,---,---,---,---,---,---,---,---,---,---,---,---,---,---,---,---,---,---,---,---,---,---,---,---,---,---,---,---,---,---,---,---,---,---,---,---,---,---,---,---,---,---,
T=2,---,---,---,---,---,---,---,---,---,---,---,---,---,---,---,---,---,---,---,---,---,---,---,---,---,---,---,---,---,---,---,---,---,---,---,---,---,---,---,---,---,---,---,---,---,---,---,---,---,---,---,13:CMERGE(2-1-|0-),---,---,2,---,---,---,6,---,1,---,---,---,---,---,---,---,12:CMERGE+C(11-|0-),---,6,11,---,---,2,2,---,---,---,---,6,---,---,---,---,---,---,---,---,---,---,---,---,---,---,---,---,---,---,---,---,---,---,---,---,---,---,---,---,---,4,---,---,---,---,4,4,---,---,---,---,---,---,---,---,---,---,---,---,---,---,---,---,---,---,---,---,---,---,---,---,---,---,---,---,---,---,---,---,---,---,---,---,---,4,---,---,---,---,---,---,---,---,4,---,---,---,---,---,---,---,---,---,---,---,---,---,---,---,---,---,---,---,---,---,---,---,---,---,---,---,---,---,---,---,---,---,---,---,---,---,---,---,---,---,---,---,---,---,---,---,---,---,---,---,---,---,---,---,---,---,---,---,---,---,---,---,---,---,---,---,---,---,---,---,---,---,---,---,---,---,---,---,---,---,---,---,---,---,---,---,---,---,---,---,---,---,---,---,---,---,---,---,---,---,---,---,---,---,---,9,9,---,---,---,---,---,---,---,---,---,---,---,---,---,---,---,---,---,---,---,---,---,---,---,---,---,---,---,---,---,---,---,---,---,---,---,---,---,---,---,---,---,---,---,---,---,---,---,---,---,---,---,---,---,---,---,---,---,---,---,---,---,---,---,---,---,---,---,---,---,---,---,---,---,---,---,---,---,---,---,---,---,---,---,---,---,---,---,---,---,---,---,---,---,---,---,---,---,---,---,---,---,---,---,---,---,---,---,---,---,---,---,---,---,---,---,---,---,---,---,---,---,---,---,---,---,---,---,---,---,---,---,---,---,---,---,---,---,---,---,---,---,---,---,---,---,---,---,---,---,---,---,---,---,---,---,---,---,---,---,---,---,---,---,---,---,---,---,---,---,---,---,---,---,---,---,---,---,---,---,---,---,---,---,---,---,---,---,---,---,---,---,---,---,---,---,---,---,---,---,---,---,---,---,---,---,---,---,---,---,---,---,---,---,---,---,---,---,---,---,---,---,---,---,---,---,---,---,---,---,---,---,---,---,---,---,---,---,---,---,---,---,---,---,---,---,---,---,---,---,---,---,---,---,---,---,---,---,---,---,---,---,---,---,---,---,---,---,---,---,---,---,---,---,---,---,---,---,---,---,---,---,---,---,---,---,---,---,---,---,---,---,---,---,---,---,---,---,---,---,---,---,---,---,---,---,---,---,---,---,---,---,---,---,---,---,---,---,---,---,---,---,---,---,---,---,---,---,---,---,---,---,---,---,---,---,---,---,---,---,---,---,---,---,---,---,---,---,---,---,---,---,---,---,---,---,---,---,---,---,---,---,---,---,---,---,---,---,---,---,---,---,---,---,---,---,---,---,---,---,---,---,---,---,---,---,---,---,---,---,---,---,---,---,---,---,---,---,---,---,---,---,---,---,---,---,---,---,---,---,---,---,---,---,---,---,---,---,---,---,---,---,---,---,9,9,---,---,---,---,---,---,---,---,---,---,---,---,---,---,---,---,---,---,---,---,---,---,---,---,---,---,---,---,---,---,---,---,---,---,---,---,---,---,---,---,---,---,---,---,---,---,---,---,---,---,---,---,---,---,---,---,---,---,---,---,---,---,---,---,---,---,---,---,---,---,---,---,---,---,---,---,---,---,---,---,---,---,---,---,---,---,---,---,---,---,---,---,---,---,---,---,---,---,---,---,---,---,---,---,---,---,---,---,---,---,---,---,---,---,---,---,---,---,---,---,---,---,---,---,---,---,---,---,---,---,---,---,---,---,---,---,---,---,---,---,---,---,---,---,---,---,---,---,---,---,---,---,---,---,---,---,---,---,---,---,---,---,---,---,---,---,---,---,---,---,---,---,---,---,---,---,---,---,---,---,---,---,---,---,---,---,---,---,---,---,---,---,---,---,---,---,---,---,---,---,---,---,---,---,---,---,---,---,---,---,---,---,---,---,---,---,---,---,---,---,---,---,---,---,---,---,---,---,---,---,---,---,---,---,---,---,---,---,---,---,---,---,---,---,---,---,---,---,---,---,---,---,---,---,---,---,---,---,---,---,---,---,---,---,---,---,---,---,---,---,---,---,---,---,---,---,---,---,---,---,---,---,---,---,---,---,---,---,---,---,---,---,---,---,---,---,---,---,---,---,---,---,---,---,---,---,---,---,---,---,---,---,---,---,---,---,---,---,---,---,---,---,---,---,---,---,---,---,---,---,---,---,---,---,---,---,---,---,---,---,---,---,---,---,---,---,---,---,---,---,---,---,---,---,---,---,---,---,---,---,---,---,---,---,---,---,---,---,---,---,---,---,---,---,---,---,---,---,---,---,---,---,---,---,---,---,---,---,---,---,---,---,---,---,---,---,---,---,---,---,---,---,---,---,---,---,---,---,---,---,---,---,---,---,---,---,---,---,---,---,---,---,---,---,---,---,---,---,---,---,---,---,---,---,---,---,---,---,---,---,---,---,---,---,---,---,---,---,---,---,---,---,---,---,---,---,---,---,---,---,---,---,---,---,---,---,---,---,---,---,---,---,---,---,---,---,---,---,---,---,---,---,---,---,---,---,---,---,---,---,---,---,---,---,---,---,---,---,---,---,---,---,---,---,---,---,---,---,---,---,---,---,---,---,---,---,---,---,---,---,---,---,---,---,---,---,---,---,---,---,---,---,---,---,---,---,---,---,---,---,---,---,---,---,---,---,---,---,---,---,---,---,---,---,---,---,---,---,---,---,---,---,---,---,---,---,---,---,---,---,---,---,---,---,---,---,---,---,---,---,---,---,---,---,---,---,---,---,---,---,---,---,---,---,---,---,---,---,---,---,---,---,---,---,---,---,---,---,---,---,---,---,---,---,---,---,---,---,---,---,---,---,---,---,---,---,---,---,---,---,---,---,---,---,---,---,---,---,---,---,---,---,---,---,---,---,---,---,---,---,---,---,---,---,---,---,---,---,---,---,---,---,---,---,---,---,---,---,---,---,---,---,---,---,---,---,---,---,---,---,---,---,---,---,---,---,---,---,---,---,---,---,---,---,---,---,---,---,---,---,---,---,---,---,---,---,---,---,---,---,---,---,---,---,---,---,---,---,---,---,---,---,---,---,---,---,---,---,---,---,---,---,---,---,---,---,---,---,---,---,---,---,---,---,---,---,---,---,---,---,---,---,---,---,---,---,---,---,---,---,---,---,---,---,---,---,---,---,---,---,---,---,---,---,---,---,---,---,---,---,---,---,---,---,---,---,---,---,---,---,---,---,---,---,---,---,---,---,---,---,---,---,---,---,---,---,---,---,---,---,---,---,---,---,---,---,---,---,---,---,---,---,---,---,---,---,---,---,---,---,---,---,---,---,---,---,---,---,---,---,---,---,---,---,---,---,---,---,---,---,---,---,---,---,---,---,---,---,---,---,---,---,---,---,---,---,---,---,---,---,---,---,---,---,---,---,---,---,---,---,---,---,---,---,---,---,---,---,---,---,---,---,---,---,---,---,---,---,---,---,---,---,---,---,---,---,---,---,---,---,---,---,---,---,---,---,---,---,20018:STOREB+C(20019-2-|),---,2,---,---,---,11,---,11,---,---,---,---,20019,---,---,---,8:SELECT(14-15-|5-),11,---,---,---,---,---,---,---,7,7,---,---,15,11,9,9,---,---,---,---,---,---,---,---,---,---,---,---,---,---,---,4,4,---,---,---,---,---,---,---,---,---,---,---,---,---,---,---,---,---,---,---,---,---,---,---,---,---,---,---,---,---,---,---,---,---,---,---,---,---,---,---,---,---,---,---,---,---,---,---,---,---,---,---,---,---,---,---,---,---,---,---,---,---,---,---,---,---,---,---,---,---,---,---,---,---,---,---,---,---,---,---,---,---,---,---,---,---,---,---,---,---,---,---,---,---,---,---,---,---,---,---,---,---,---,---,---,---,---,---,---,---,---,---,---,---,---,---,---,---,---,---,---,---,---,---,---,---,---,---,---,---,---,---,---,---,---,---,---,---,---,---,---,---,---,---,---,---,---,---,---,---,---,---,---,---,---,---,---,---,---,---,---,---,---,---,---,---,---,---,---,---,---,---,---,---,---,---,---,---,---,---,---,---,---,---,---,---,---,---,---,---,---,---,---,---,---,---,---,---,---,---,---,---,---,---,---,---,---,---,---,---,---,---,---,---,---,---,---,---,---,---,---,---,---,---,---,---,---,---,---,---,---,---,---,---,---,---,---,---,---,---,---,---,---,---,---,---,---,---,---,---,---,---,---,---,---,---,---,---,---,---,---,---,---,---,---,---,---,---,---,---,---,---,---,---,---,---,---,---,---,---,---,---,---,---,---,---,---,---,---,---,---,---,---,---,---,---,---,---,---,---,---,---,---,---,---,---,---,---,---,---,---,---,---,---,---,---,---,---,---,---,---,---,---,---,---,---,---,---,---,---,---,---,---,---,---,---,---,---,---,---,---,---,---,---,---,---,---,---,---,---,---,---,---,---,---,---,---,---,---,---,---,---,---,---,---,---,---,---,---,---,---,---,---,---,---,---,---,---,---,---,---,---,---,---,---,---,---,---,---,---,---,---,---,---,---,---,---,---,---,---,---,---,---,---,---,---,---,---,---,---,---,---,---,---,---,---,---,---,---,---,---,---,---,---,---,---,---,---,---,---,---,---,---,---,---,---,---,---,---,---,---,---,---,---,---,---,---,---,---,---,---,---,---,---,---,---,---,---,---,---,---,---,---,---,---,---,---,---,---,---,---,---,---,---,---,---,---,---,---,---,---,---,---,---,---,---,---,---,---,---,---,---,---,---,---,---,---,---,---,---,---,---,---,---,---,---,---,---,---,---,20019,---,---,---,---,---,---,---,---,---,---,---,---,---,20019,---,---,---,---,---,---,---,---,---,---,---,---,---,---,---,---,---,---,---,---,---,---,---,---,---,---,---,---,---,---,---,---,---,---,---,---,---,---,---,---,---,---,---,---,---,---,---,---,---,---,---,---,21:MOVC+C(|20-),---,---,---,---,---,---,---,---,---,---,---,---,20019,---,---,---,---,---,---,---,---,---,---,---,---,---,---,---,---,---,---,---,---,---,---,---,---,---,---,---,---,---,---,---,---,---,---,---,---,---,---,---,---,---,---,---,---,---,---,---,---,---,---,---,---,---,---,---,---,---,---,---,---,---,---,---,---,---,---,---,---,---,---,---,---,---,---,---,---,---,---,---,---,---,---,---,---,---,---,---,---,---,---,---,---,---,---,---,---,---,---,---,---,---,---,---,---,---,---,---,---,---,---,---,---,---,---,---,---,---,---,---,---,---,---,---,---,---,---,---,---,---,---,---,---,---,---,---,---,---,---,---,---,---,---,---,---,---,---,---,---,---,---,---,---,---,---,---,---,---,---,---,---,---,---,---,---,---,---,---,---,---,---,---,---,---,---,---,---,---,---,---,---,---,---,---,---,---,---,---,---,---,---,---,---,---,---,---,---,---,---,---,---,---,---,---,---,---,---,---,---,---,---,---,---,---,---,---,---,---,---,---,---,---,---,---,---,---,---,---,---,---,---,---,---,---,---,---,---,---,---,---,---,---,---,---,---,---,---,---,---,---,---,---,---,---,---,---,---,---,---,---,---,---,---,---,---,---,---,---,---,---,---,---,---,---,---,---,---,---,---,---,---,---,---,---,---,---,---,---,---,---,---,---,---,---,---,---,---,---,---,---,---,---,---,---,---,---,---,---,---,---,---,---,---,---,---,---,---,---,---,---,---,---,---,---,---,---,---,---,---,---,---,---,---,---,---,---,---,
T=3,---,---,---,---,---,---,---,---,---,---,---,---,---,---,---,---,---,---,---,---,---,---,---,---,---,---,---,---,---,---,---,---,---,---,---,---,---,---,---,---,---,---,---,---,---,---,---,---,---,---,---,---,---,---,---,---,---,---,13,---,---,---,---,---,---,---,---,---,0:SELECT(12-13-|1-16-17-),---,13,---,---,---,---,6,---,---,---,6,---,---,---,---,---,---,---,---,---,---,---,---,---,---,---,---,---,---,---,---,---,---,---,---,---,---,---,---,---,---,---,---,---,---,---,4,4,---,---,---,---,---,---,---,---,---,---,---,---,---,---,---,---,---,---,---,---,---,---,---,---,---,---,---,---,---,---,---,---,---,---,---,---,---,---,---,---,---,---,---,---,---,4,4,---,---,---,---,---,---,---,---,---,---,---,---,---,---,---,---,---,---,---,---,---,---,---,---,---,---,---,---,---,---,---,---,---,---,---,---,---,---,---,---,---,---,---,---,---,---,---,---,---,---,---,---,---,---,---,---,---,---,---,---,---,---,---,---,---,---,---,---,---,---,---,---,---,---,---,---,---,---,---,---,---,---,---,---,---,---,---,---,---,---,---,---,---,---,---,---,---,---,---,---,---,---,---,---,---,---,9,9,---,---,---,---,---,---,---,---,---,---,---,---,---,---,---,---,---,---,---,---,---,9,---,---,---,---,---,---,---,---,---,---,---,9,---,---,---,---,---,---,---,---,---,---,---,---,---,---,---,---,---,---,---,---,---,---,---,---,---,---,---,---,---,---,---,---,---,---,---,---,---,---,---,---,---,---,---,---,---,---,---,---,---,---,---,---,---,---,---,---,---,---,---,---,---,---,---,---,---,---,---,---,---,---,---,---,---,---,---,---,---,---,---,---,---,---,---,---,---,---,---,---,---,---,---,---,---,---,---,---,---,---,---,---,---,---,---,---,---,---,---,---,---,---,---,---,---,---,---,---,---,---,---,---,---,---,---,---,---,---,---,---,---,---,---,---,---,---,---,---,---,---,---,---,---,---,---,---,---,---,---,---,---,---,---,---,---,---,---,---,---,---,---,---,---,---,---,---,---,---,---,---,---,---,---,---,---,---,---,---,---,---,---,---,---,---,---,---,---,---,---,---,---,---,---,---,---,---,---,---,---,---,---,---,---,---,---,---,---,---,---,---,---,---,---,---,---,---,---,---,---,---,---,---,---,---,---,---,---,---,---,---,---,---,---,---,---,---,---,---,---,---,---,---,---,---,---,---,---,---,---,---,---,---,---,---,---,---,---,---,---,---,---,---,---,---,---,---,---,---,---,---,---,---,---,---,---,---,---,---,---,---,---,---,---,---,---,---,---,---,---,---,---,---,---,---,---,---,---,---,---,---,---,---,---,---,---,---,---,---,---,---,---,---,---,---,---,---,---,---,---,---,---,---,---,---,---,---,---,---,---,---,---,---,---,---,---,---,---,---,---,---,---,---,---,---,---,---,---,---,---,---,---,---,---,---,---,---,---,---,---,---,---,---,---,---,---,---,---,---,---,---,---,---,---,---,---,---,---,---,---,---,21,9,---,---,---,---,---,---,---,---,21,9,---,---,---,---,---,---,---,---,---,---,---,---,---,---,---,---,---,---,---,---,---,---,---,---,---,---,---,---,---,---,---,---,---,---,---,---,---,---,---,---,---,---,---,---,---,---,---,---,---,---,---,---,---,---,---,---,---,---,---,---,---,---,---,---,---,---,---,---,---,---,---,---,---,---,---,---,---,---,---,---,---,---,---,---,---,---,---,---,---,---,---,---,---,---,---,---,---,---,---,---,---,---,---,---,---,---,---,---,---,---,---,---,---,---,---,---,---,---,---,---,---,---,---,---,---,---,---,---,---,---,---,---,---,---,---,---,---,---,---,---,---,---,---,---,---,---,---,---,---,---,---,---,---,---,---,---,---,---,---,---,---,---,---,---,---,---,---,---,---,---,---,---,---,---,---,---,---,---,---,---,---,---,---,---,---,---,---,---,---,---,---,---,---,---,---,---,---,---,---,---,---,---,---,---,---,---,---,---,---,---,---,---,---,---,---,---,---,---,---,---,---,---,---,---,---,---,---,---,---,---,---,---,---,---,---,---,---,---,---,---,---,---,---,---,---,---,---,---,---,---,---,---,---,---,---,---,---,---,---,---,---,---,---,---,---,---,---,---,---,---,---,---,---,---,---,---,---,---,---,---,---,---,---,---,---,---,---,---,---,---,---,---,---,---,---,---,---,---,---,---,---,---,---,---,---,---,---,---,---,---,---,---,---,---,---,---,---,---,---,---,---,---,---,---,---,---,---,---,---,---,---,---,---,---,---,---,---,---,---,---,---,---,---,---,---,---,---,---,---,---,---,---,---,---,---,---,---,---,---,---,---,---,---,---,---,---,---,---,---,---,---,---,---,---,---,---,---,---,---,---,---,---,---,---,---,---,---,---,---,---,---,---,---,---,---,---,---,---,---,---,---,---,---,---,---,---,---,---,---,---,---,---,---,---,---,---,---,---,---,---,---,---,---,---,---,---,---,---,---,---,---,---,---,---,---,---,---,---,---,---,---,---,---,---,---,---,---,---,---,---,---,---,---,---,---,---,---,---,---,---,---,---,---,---,---,---,---,---,---,---,---,---,---,---,---,---,---,---,---,---,---,---,---,---,---,---,---,---,---,---,---,---,---,---,---,---,---,---,---,---,---,---,---,---,---,---,---,---,---,---,---,---,---,---,---,---,---,---,---,---,---,---,---,---,---,---,---,---,---,---,---,---,---,---,---,---,---,---,---,---,---,---,---,---,---,---,---,---,---,---,---,---,---,---,---,---,---,---,---,---,---,---,---,---,---,---,---,---,---,---,---,---,---,---,---,---,---,---,---,---,---,---,---,---,---,---,---,---,---,---,---,---,---,---,---,---,---,---,---,---,---,---,---,---,---,---,---,---,---,---,---,---,---,---,---,---,---,---,---,---,---,---,---,---,---,---,---,---,---,---,---,---,---,---,---,---,---,---,---,---,---,---,---,---,---,---,---,---,---,---,---,---,---,---,---,---,---,---,---,---,---,---,---,---,---,---,---,---,---,---,---,---,---,---,---,---,---,---,---,---,---,---,---,---,---,---,---,---,---,---,---,---,---,---,---,---,---,---,---,---,---,---,---,---,---,---,---,---,---,---,---,---,---,---,---,---,---,---,---,---,---,---,---,---,---,---,---,---,---,---,---,---,---,---,---,---,---,---,---,---,---,---,---,---,---,---,---,---,---,---,---,---,---,---,---,---,---,---,---,---,---,---,---,---,---,---,---,---,---,---,---,---,---,---,---,---,---,---,---,---,---,---,---,---,---,---,---,---,---,---,---,---,---,---,---,---,---,---,---,---,---,---,---,---,---,---,---,---,---,---,---,---,---,---,---,---,---,---,---,---,---,---,---,---,---,---,---,---,---,---,---,---,---,---,---,---,---,---,---,---,---,---,---,---,---,---,---,---,---,---,---,---,---,---,---,---,---,---,---,---,---,---,---,---,---,---,---,---,---,---,---,---,---,---,---,---,---,---,---,---,---,---,---,---,---,---,---,---,---,---,---,---,---,---,---,---,---,---,---,---,---,---,---,---,---,---,---,---,---,---,---,---,---,---,---,---,---,---,---,7:LOAD(6-|10-15-),---,6,20019,---,---,---,---,10,---,---,---,---,---,20019,---,---,15:CMERGE(10-7-|8-),10,---,---,---,---,---,---,11,7,---,---,---,11,10,9,9,---,11,---,---,---,---,---,---,---,---,---,---,11,---,---,4,4,---,---,---,---,---,---,---,---,---,---,---,---,---,---,---,---,---,---,---,---,---,---,---,---,---,---,---,---,---,---,---,---,---,---,---,---,---,---,---,---,---,---,---,---,---,---,---,---,---,---,---,---,---,---,---,---,---,---,---,---,---,---,---,---,---,---,---,---,---,---,---,---,---,---,---,---,---,---,---,---,---,---,---,---,---,---,---,---,---,---,---,---,---,---,---,---,---,---,---,---,---,---,---,---,---,---,---,---,---,---,---,---,---,---,---,---,---,---,---,---,---,---,---,---,---,---,---,---,---,---,---,---,---,---,---,---,---,---,---,---,---,---,---,---,---,---,---,---,---,---,---,---,---,---,---,---,---,---,---,---,---,---,---,---,---,---,---,---,---,---,---,---,---,---,---,---,---,---,---,---,---,---,---,---,---,---,---,---,---,---,---,---,---,---,---,---,---,---,---,---,---,---,---,---,---,---,---,---,---,---,---,---,---,---,---,---,---,---,---,---,---,---,---,---,---,---,---,---,---,---,---,---,---,---,---,---,---,---,---,---,---,---,---,---,---,---,---,---,---,---,---,---,---,---,---,---,---,---,---,---,---,---,---,---,---,---,---,---,---,---,---,---,---,---,---,---,---,---,---,---,---,---,---,---,---,---,---,---,---,---,---,---,---,---,---,---,---,---,---,---,---,---,---,---,---,---,---,---,---,---,---,---,---,---,---,---,---,---,---,---,---,---,---,---,---,---,---,---,---,---,---,---,---,---,---,---,---,---,---,---,---,---,---,---,---,---,---,---,---,---,---,---,---,---,---,---,---,---,---,---,---,---,---,---,---,---,---,---,---,---,---,---,---,---,---,---,---,---,---,---,---,---,---,---,---,---,---,---,---,---,---,---,---,---,---,---,---,---,---,---,---,---,---,---,---,---,---,---,---,---,---,---,---,---,---,---,---,---,---,---,---,---,---,---,---,---,---,---,---,---,---,---,---,---,---,---,---,---,---,---,---,---,---,---,---,---,---,---,---,---,---,---,---,---,---,---,---,---,---,---,---,---,---,---,---,---,---,---,---,---,---,---,---,---,---,---,---,---,---,---,---,---,---,---,---,---,---,---,---,---,---,---,---,---,---,---,---,---,---,---,---,---,---,---,---,---,---,---,---,---,---,20019,---,---,---,---,---,---,---,---,---,---,20019,---,---,---,---,---,---,---,---,---,---,---,---,---,---,---,---,---,---,---,---,---,---,---,---,---,---,---,---,---,---,---,---,---,---,---,---,---,---,---,---,---,---,---,---,---,---,---,---,---,---,---,---,---,---,---,---,---,---,---,---,---,---,21,---,---,---,---,---,---,---,---,---,---,---,---,---,---,---,---,---,---,---,---,---,---,---,---,---,---,---,---,---,---,---,---,---,---,---,---,---,---,---,---,---,---,---,---,---,---,---,---,---,---,---,---,---,---,---,---,---,---,---,---,---,---,---,---,---,---,---,---,---,---,---,---,---,---,---,---,---,---,---,---,---,---,---,---,---,---,---,---,---,---,---,---,---,---,---,---,---,---,---,---,---,---,---,---,---,---,---,---,---,---,---,---,---,---,---,---,---,---,---,---,---,---,---,---,---,---,---,---,---,---,---,---,---,---,---,---,---,---,---,---,---,---,---,---,---,---,---,---,---,---,---,---,---,---,---,---,---,---,---,---,---,---,---,---,---,---,---,---,---,---,---,---,---,---,---,---,---,---,---,---,---,---,---,---,---,---,---,---,---,---,---,---,---,---,---,---,---,---,---,---,---,---,---,---,---,---,---,---,---,---,---,---,---,---,---,---,---,---,---,---,---,---,---,---,---,---,---,---,---,---,---,---,---,---,---,---,---,---,---,---,---,---,---,---,---,---,---,---,---,---,---,---,---,---,---,---,---,---,---,---,---,---,---,---,---,---,---,---,---,---,---,---,---,---,---,---,---,---,---,---,---,---,---,---,---,---,---,---,---,---,---,---,---,---,---,---,---,---,---,---,---,---,---,---,---,---,---,---,---,---,---,---,---,---,---,---,---,---,---,---,---,---,---,---,---,---,---,---,---,---,---,---,---,---,---,---,---,---,---,---,
************************************
